user_id,event_id,rating
1,119,3.7
1,802,1.6
1,585,1.3
1,164,1.3
1,495,2.5
1,442,2.2
1,821,4.1
1,980,1.5
1,128,1.7
1,724,4.1
1,704,2.5
1,384,1.3
1,77,2.8
1,645,4.6
2,709,3.3
2,801,2.3
2,610,4.6
2,531,3.5
2,722,1.7
2,128,4.7
2,105,4.8
2,107,4.2
2,293,4.1
2,25,3.7
2,718,1.4
2,108,1.8
2,562,4.9
3,99,2.9
3,532,4.9
3,297,3.6
3,704,4.3
3,996,2.9
3,17,2.5
3,429,2.2
3,805,2.4
3,967,2.2
3,25,2.6
3,454,3.7
3,985,1.7
3,214,2.5
3,377,1.8
3,912,2.3
3,744,2.8
3,284,2.5
3,344,4.1
3,403,4.7
3,986,4.9
4,877,3.3
4,524,4.1
4,512,3.2
4,200,3.6
4,536,3.9
4,804,3.8
4,12,3.0
4,801,1.9
4,255,1.8
4,123,1.3
4,851,3.9
4,771,3.9
4,297,3.2
4,852,4.5
4,543,4.3
4,473,2.9
5,983,2.7
5,980,2.9
5,855,4.5
5,967,4.7
5,45,3.9
5,703,2.3
5,990,2.1
5,629,5.0
5,430,4.6
5,42,4.9
5,331,4.9
5,84,1.2
5,534,1.6
5,238,2.2
5,255,2.0
5,269,4.1
5,46,1.8
5,38,4.6
5,513,2.0
5,165,4.8
5,22,1.2
5,892,1.7
5,905,2.9
5,971,1.8
5,242,2.6
5,781,4.6
5,505,4.4
5,294,2.4
6,155,3.2
6,728,4.8
6,124,1.6
6,648,2.3
6,540,2.3
6,797,2.2
6,782,1.3
6,662,4.3
6,298,4.0
6,162,4.0
6,965,1.9
6,382,1.3
6,380,4.9
6,990,2.2
6,56,4.6
6,920,2.2
6,751,4.5
6,282,2.6
6,613,3.2
6,903,3.3
6,615,2.5
6,775,1.8
6,547,1.8
6,738,2.2
7,208,3.0
7,663,1.9
7,10,4.5
7,440,2.5
7,516,1.1
7,870,4.5
7,113,2.5
7,92,2.5
7,354,1.8
7,88,1.2
7,936,1.6
7,470,4.1
7,704,2.8
7,876,4.8
7,134,3.6
7,706,1.5
7,708,1.5
7,489,1.9
7,926,4.9
7,443,1.0
7,607,4.3
7,235,2.3
7,18,4.5
7,425,3.0
7,917,5.0
7,871,4.3
7,316,2.9
7,184,4.2
7,21,3.9
8,617,3.9
8,501,2.9
8,27,3.4
8,940,1.7
8,652,2.4
8,399,3.9
8,665,1.1
8,825,4.7
8,868,4.1
8,730,4.3
8,817,3.2
8,85,1.6
8,110,3.7
9,709,2.2
9,572,3.8
9,915,1.3
9,388,2.7
9,300,4.1
9,206,2.2
9,1000,2.1
9,729,4.7
9,529,4.3
9,266,3.6
9,275,1.4
9,877,4.2
10,740,4.1
10,547,2.9
10,489,1.0
10,453,1.3
10,153,1.0
10,793,3.4
10,999,4.2
10,133,2.7
10,803,1.9
10,687,4.8
10,107,1.1
10,679,1.6
10,173,3.1
10,907,4.0
10,314,2.3
11,174,2.3
11,74,3.2
11,1000,4.9
11,439,3.2
11,338,4.2
11,216,1.3
11,720,2.1
11,274,3.0
11,426,3.2
11,507,3.3
11,752,4.1
11,460,4.4
11,104,2.9
11,793,2.7
11,669,1.3
11,976,4.1
12,449,3.9
12,704,4.3
12,353,1.2
12,938,2.1
12,947,3.6
12,575,2.7
12,8,4.0
12,110,4.0
12,580,1.7
12,831,4.7
13,799,4.6
13,977,4.6
13,146,3.7
13,883,2.9
13,787,2.6
13,992,3.2
13,979,3.9
13,761,4.7
13,137,1.6
13,388,4.1
13,337,2.4
13,738,1.3
13,935,3.9
13,770,1.6
13,818,1.3
14,322,2.6
14,947,4.5
14,617,2.5
14,140,1.9
14,302,2.8
14,780,2.4
14,843,4.5
14,915,4.6
14,103,3.4
14,624,1.9
14,935,1.3
14,195,1.9
14,705,1.1
14,803,2.6
14,751,3.0
14,442,1.8
14,816,1.4
14,941,3.9
14,165,3.8
14,837,3.2
14,473,1.8
14,578,4.9
14,971,2.3
14,778,1.1
15,321,1.3
15,444,2.5
15,621,3.4
15,74,2.2
15,732,2.2
15,413,3.6
15,95,4.9
15,346,3.6
15,128,1.4
15,517,4.1
15,129,3.0
15,291,2.0
15,899,3.3
15,719,1.6
15,251,2.4
15,454,1.9
15,244,4.3
15,422,4.1
15,700,4.5
15,675,4.6
15,542,3.6
15,890,1.5
15,531,4.4
16,510,2.9
16,96,2.3
16,736,3.8
16,39,1.9
16,652,1.5
16,923,1.1
16,657,4.7
16,979,3.1
16,292,2.6
16,422,4.2
16,724,4.8
16,140,2.9
17,573,2.6
17,832,2.8
17,567,1.6
17,332,4.6
17,226,3.8
17,868,3.2
17,537,2.8
17,331,1.1
17,613,2.5
17,662,1.1
17,647,3.4
17,175,3.3
18,78,1.2
18,384,3.0
18,1,3.9
18,813,4.3
18,366,1.7
18,844,4.4
18,938,3.3
18,121,2.8
18,307,4.3
18,506,1.2
18,198,3.2
18,417,3.3
18,529,2.5
18,207,1.0
18,833,4.8
18,680,1.5
18,41,4.6
18,959,1.9
18,82,3.9
19,163,4.2
19,7,2.7
19,373,4.9
19,376,3.9
19,959,1.3
19,736,4.4
19,493,2.2
19,847,1.3
19,253,1.6
19,319,1.3
19,720,3.5
19,37,2.6
19,481,2.9
19,910,2.8
19,73,2.4
19,194,2.5
20,334,2.5
20,232,1.8
20,448,4.0
20,794,1.5
20,224,4.3
20,980,3.3
20,405,3.1
20,406,4.5
20,704,3.8
20,663,4.7
20,897,3.6
20,958,4.8
20,286,4.8
20,438,2.3
20,452,3.2
21,613,3.3
21,167,4.9
21,93,2.0
21,163,1.7
21,451,3.1
21,181,4.7
21,687,4.4
21,954,2.6
21,497,1.3
21,152,1.1
21,503,3.6
21,403,4.7
21,456,3.0
21,737,4.1
21,658,1.8
22,335,3.0
22,75,1.7
22,268,2.5
22,178,1.7
22,982,4.1
22,666,3.5
22,83,4.9
22,425,2.8
22,578,5.0
22,478,3.5
22,671,1.5
22,767,2.8
22,505,3.8
22,312,1.4
22,733,2.6
22,911,3.6
22,426,4.3
22,627,1.5
22,172,1.9
22,297,2.2
23,469,4.8
23,250,1.5
23,153,1.0
23,909,1.2
23,240,3.8
23,93,4.8
23,383,2.9
23,553,4.6
23,550,2.1
23,617,5.0
23,704,2.3
23,653,1.7
23,323,3.2
23,579,4.8
23,272,4.7
23,885,4.2
23,247,2.0
23,513,1.1
23,414,2.2
23,417,1.5
24,637,2.3
24,921,4.9
24,775,3.7
24,987,4.3
24,559,1.1
24,441,2.0
24,350,4.9
24,75,3.2
24,468,4.7
24,870,1.7
24,792,2.8
24,815,4.0
24,346,4.5
24,87,2.0
24,233,2.6
24,853,4.0
24,588,2.5
25,557,2.7
25,599,1.6
25,828,4.3
25,711,3.9
25,370,2.3
25,962,1.6
25,640,4.3
25,369,4.9
25,50,4.3
25,350,2.5
25,21,4.7
25,816,3.7
25,17,4.2
25,329,2.4
25,911,2.8
25,728,3.9
25,58,1.2
25,84,3.9
25,128,3.6
25,448,3.6
25,374,1.7
25,458,3.4
25,824,2.3
25,873,2.1
25,478,1.7
25,414,2.1
25,774,3.6
25,694,4.4
26,255,2.6
26,231,3.0
26,25,1.8
26,82,3.7
26,313,1.4
26,787,4.6
26,242,4.4
26,111,1.6
26,88,3.4
26,73,4.2
27,732,5.0
27,506,2.2
27,27,4.8
27,933,4.7
27,396,3.8
27,819,4.3
27,635,3.6
27,822,1.9
27,612,4.6
27,767,2.0
28,626,4.3
28,616,3.5
28,211,2.7
28,44,1.8
28,528,1.8
28,457,3.5
28,567,3.3
28,157,1.0
28,337,3.6
28,558,4.3
28,887,2.4
28,151,1.5
28,937,2.0
28,830,4.4
28,50,1.4
29,849,1.4
29,626,1.7
29,930,3.6
29,381,1.5
29,563,1.4
29,597,1.5
29,879,3.8
29,888,2.4
29,844,2.3
29,501,1.1
30,239,1.7
30,327,3.4
30,864,2.2
30,307,3.3
30,258,1.6
30,114,2.3
30,56,4.4
30,435,3.1
30,680,2.1
30,262,2.1
30,28,4.1
30,21,1.3
30,469,2.4
30,116,1.3
30,423,4.2
30,80,4.9
30,737,3.7
30,459,4.9
30,521,4.3
31,48,4.0
31,677,3.9
31,574,2.6
31,111,2.7
31,865,2.1
31,168,4.8
31,193,3.7
31,595,2.1
31,527,3.5
31,829,2.0
31,242,2.2
31,180,3.6
31,460,3.3
31,260,1.9
31,965,4.7
31,863,3.7
31,446,3.8
31,310,3.2
31,828,1.9
31,216,2.0
31,996,3.8
31,913,1.9
31,737,2.6
31,98,4.6
31,681,2.7
31,586,4.3
31,683,1.1
31,756,4.3
31,266,1.1
31,621,1.4
32,135,5.0
32,619,4.9
32,821,4.9
32,249,3.5
32,485,1.3
32,20,4.8
32,120,1.1
32,435,4.6
32,591,2.1
32,666,1.4
32,600,2.4
32,12,3.1
32,90,1.5
32,497,3.5
32,125,4.9
32,543,4.3
32,87,5.0
32,603,4.2
32,217,2.1
33,812,2.2
33,866,1.3
33,41,3.6
33,422,4.8
33,813,1.2
33,148,3.0
33,820,3.2
33,902,1.8
33,31,1.5
33,740,2.4
33,727,3.3
33,225,2.8
33,863,4.7
34,364,2.4
34,853,1.2
34,879,2.3
34,498,3.6
34,515,2.2
34,737,2.5
34,645,1.9
34,552,3.3
34,374,2.0
34,386,4.7
34,12,4.0
34,654,3.7
34,846,2.5
34,211,4.7
35,79,2.0
35,557,4.7
35,732,4.6
35,916,4.5
35,535,1.9
35,63,1.0
35,220,2.5
35,100,2.4
35,305,1.8
35,758,3.0
35,89,1.4
35,27,2.6
35,825,3.9
36,241,4.4
36,798,1.9
36,381,2.3
36,862,4.6
36,171,1.6
36,404,4.4
36,196,2.9
36,625,3.9
36,97,4.5
36,572,4.1
36,816,3.3
36,671,3.4
36,425,1.3
36,665,4.4
36,63,4.9
36,25,2.5
36,139,4.8
36,343,4.1
36,822,2.5
37,52,1.3
37,380,3.5
37,709,4.4
37,117,2.2
37,840,4.7
37,558,4.4
37,146,3.2
37,609,1.1
37,771,4.4
37,456,3.3
37,25,4.6
37,198,1.4
37,122,1.3
37,426,1.8
37,401,3.1
38,519,1.9
38,60,2.4
38,325,4.1
38,408,3.8
38,107,2.5
38,597,1.3
38,458,4.2
38,87,4.3
38,26,3.9
38,917,1.3
38,505,1.5
38,833,2.2
38,840,3.8
38,441,1.9
38,21,2.0
38,193,4.2
38,726,3.1
38,795,1.6
38,384,4.2
38,215,4.3
38,727,2.1
38,72,3.8
38,648,2.6
38,709,3.4
38,1000,2.4
38,973,2.0
38,256,4.8
38,138,4.4
39,162,4.4
39,923,4.2
39,827,2.4
39,522,1.8
39,428,3.7
39,88,4.1
39,41,1.4
39,407,1.4
39,902,1.7
39,784,3.1
39,677,2.6
39,519,4.6
39,711,4.7
39,885,3.1
39,55,3.0
39,811,3.3
39,509,4.0
39,629,3.7
39,193,2.2
39,123,2.7
39,978,4.9
39,101,2.2
39,698,2.2
39,466,2.6
39,798,3.0
39,608,4.5
39,434,3.2
40,952,3.0
40,42,1.6
40,126,3.6
40,767,2.0
40,986,1.6
40,1000,4.7
40,971,1.3
40,395,2.7
40,493,3.8
40,758,2.1
40,453,2.1
40,106,4.9
40,573,1.6
40,856,2.1
40,850,1.9
40,932,1.2
40,90,1.1
40,472,2.6
40,716,3.6
40,554,2.9
40,545,2.4
40,772,1.4
40,296,1.4
40,521,3.3
40,476,4.8
40,117,2.9
40,917,1.4
41,915,1.8
41,419,1.1
41,585,3.1
41,44,1.1
41,198,1.4
41,10,2.7
41,225,4.1
41,583,1.9
41,87,3.5
41,816,3.1
41,152,3.2
42,742,4.6
42,364,4.8
42,935,2.6
42,572,1.2
42,38,4.8
42,123,2.4
42,863,1.7
42,407,3.2
42,451,4.3
42,151,3.1
42,152,3.6
42,8,2.9
42,371,3.4
43,327,2.2
43,57,1.7
43,838,2.5
43,2,4.4
43,593,4.4
43,232,1.6
43,572,3.9
43,476,2.9
43,603,3.4
43,995,4.0
43,941,3.5
43,502,4.8
43,310,1.1
43,266,4.7
43,764,1.6
43,605,2.0
43,766,1.6
43,28,3.7
43,612,2.2
43,315,3.7
43,617,4.7
44,971,4.3
44,998,4.0
44,131,3.6
44,880,4.5
44,6,1.6
44,18,1.1
44,703,3.1
44,311,4.6
44,559,4.1
44,752,1.8
44,986,1.7
44,950,2.2
44,793,2.1
44,801,1.2
44,710,2.5
44,190,2.6
44,389,2.5
44,557,4.6
44,955,3.7
44,167,1.1
44,110,2.5
44,146,5.0
44,530,2.5
44,690,2.0
44,399,2.2
44,890,4.0
45,852,3.9
45,459,5.0
45,141,2.6
45,541,3.6
45,242,3.0
45,503,1.8
45,369,3.2
45,671,2.5
45,390,1.6
45,15,3.5
45,9,3.1
45,968,1.5
45,287,1.3
45,44,1.9
45,256,2.2
46,150,1.3
46,53,3.1
46,122,3.2
46,819,4.5
46,780,3.0
46,752,5.0
46,321,2.2
46,443,4.4
46,229,1.2
46,479,4.0
46,220,4.6
46,576,2.5
46,597,4.0
46,475,4.3
46,962,4.4
46,202,4.4
46,178,4.0
47,153,3.0
47,369,4.6
47,587,4.9
47,422,3.5
47,469,1.1
47,222,2.1
47,761,3.0
47,599,4.8
47,397,2.0
47,764,3.8
47,376,4.6
47,448,4.8
47,820,3.5
47,395,4.5
47,771,3.6
47,883,1.7
47,6,3.8
47,756,4.0
47,867,1.2
47,609,2.1
47,879,1.1
47,243,3.7
47,580,4.6
47,248,3.9
47,805,3.9
47,635,4.2
48,464,1.6
48,889,2.6
48,438,1.3
48,341,4.1
48,272,2.4
48,499,3.6
48,517,3.4
48,723,3.9
48,680,4.8
48,985,1.3
48,597,2.2
48,732,1.9
48,546,1.1
48,830,1.9
48,290,2.4
48,706,2.2
48,856,1.7
48,795,2.7
49,869,1.6
49,118,4.8
49,264,2.0
49,394,1.2
49,885,4.3
49,711,3.2
49,583,2.9
49,806,4.0
49,758,3.6
49,349,2.1
49,916,2.9
49,256,1.6
49,519,4.3
49,777,2.1
49,919,3.9
49,811,3.5
49,45,4.2
49,884,3.8
50,117,3.8
50,692,2.9
50,674,2.3
50,537,3.6
50,115,3.1
50,648,5.0
50,783,4.8
50,308,1.2
50,574,3.7
50,298,4.2
50,944,3.1
50,859,4.9
50,728,3.0
50,167,3.3
50,748,1.7
51,724,1.4
51,806,1.7
51,323,4.0
51,667,1.8
51,448,1.4
51,441,4.1
51,703,1.2
51,523,3.2
51,810,3.4
51,534,4.9
51,132,4.8
51,501,2.9
51,540,1.9
51,157,3.4
51,496,1.4
51,834,3.0
51,554,4.7
51,559,4.2
51,961,4.3
51,330,2.2
51,509,4.9
51,713,2.3
51,670,3.0
51,879,1.8
52,975,2.8
52,211,2.4
52,267,1.9
52,524,4.9
52,71,3.3
52,752,5.0
52,407,1.4
52,148,3.9
52,443,2.9
52,496,1.6
52,858,1.4
52,56,2.4
52,383,1.1
52,239,3.3
52,483,4.5
52,358,2.4
52,102,4.7
52,44,2.4
52,81,2.3
52,651,2.5
52,155,3.7
52,830,2.5
52,851,1.7
52,829,4.3
52,381,1.3
52,412,2.0
52,115,3.6
52,108,1.9
53,314,4.0
53,42,2.0
53,494,4.2
53,406,2.6
53,146,2.5
53,926,3.9
53,919,2.1
53,234,3.8
53,65,4.4
53,95,2.6
53,374,3.3
53,496,3.1
53,439,2.7
53,871,3.3
53,108,4.2
53,529,1.4
53,808,3.0
53,395,3.2
53,86,3.3
53,10,4.1
53,992,3.3
53,286,2.0
53,731,4.6
53,94,2.4
53,848,3.2
53,312,3.6
53,720,4.7
53,44,3.2
53,38,3.9
54,882,3.6
54,838,4.6
54,989,4.7
54,924,2.0
54,927,4.8
54,99,2.8
54,885,2.4
54,482,4.6
54,138,3.1
54,458,3.3
54,513,3.1
54,748,4.1
55,108,2.4
55,315,1.9
55,965,3.8
55,356,3.7
55,369,3.4
55,405,4.7
55,543,2.6
55,281,4.9
55,724,2.0
55,886,3.5
55,636,1.7
55,337,1.2
55,619,4.1
55,611,1.4
55,585,4.4
56,655,2.8
56,342,2.8
56,572,1.6
56,620,2.4
56,482,3.2
56,954,1.4
56,137,3.7
56,994,3.9
56,119,4.3
56,378,4.3
56,848,3.3
56,790,1.0
56,589,4.7
56,756,1.2
56,102,1.2
56,316,1.5
56,303,3.4
56,621,4.1
56,179,5.0
56,143,4.3
56,466,1.4
56,796,2.8
56,658,2.0
56,959,1.6
56,749,4.4
57,829,1.7
57,939,2.3
57,150,4.0
57,241,4.2
57,588,1.2
57,950,3.3
57,5,4.3
57,689,2.4
57,257,1.2
57,724,4.4
57,391,5.0
57,400,3.0
57,618,4.8
57,584,2.3
58,865,3.4
58,840,1.7
58,354,3.1
58,822,2.0
58,806,1.7
58,841,1.7
58,441,3.7
58,272,3.0
58,59,2.6
58,348,4.1
58,19,4.1
58,971,4.5
58,676,3.2
58,643,4.9
58,843,2.3
58,437,4.4
58,452,2.7
58,988,3.8
58,908,1.3
58,944,2.1
58,224,4.0
58,922,4.1
58,166,1.4
59,241,4.4
59,482,4.4
59,525,4.1
59,164,2.3
59,4,1.6
59,580,3.8
59,86,4.8
59,94,1.5
59,960,1.1
59,804,3.3
59,199,4.9
59,498,4.3
59,169,4.3
59,188,4.5
59,117,4.5
59,430,4.6
59,599,2.8
59,250,1.6
59,682,2.4
59,969,2.8
59,237,3.8
59,860,4.9
59,92,4.4
59,120,4.0
59,382,3.8
59,493,4.6
59,192,4.5
59,148,1.3
59,144,3.3
59,265,1.3
60,667,2.4
60,823,4.0
60,505,1.1
60,299,2.5
60,333,2.0
60,973,4.7
60,267,4.1
60,134,4.2
60,763,2.9
60,821,3.9
60,506,4.0
60,570,4.2
60,261,2.3
60,739,1.6
60,844,2.0
60,681,4.3
60,802,1.7
61,232,2.2
61,779,4.5
61,744,3.4
61,493,3.5
61,909,3.4
61,450,5.0
61,197,1.6
61,922,2.3
61,876,1.7
61,44,3.9
61,195,3.7
61,475,4.6
61,67,2.3
61,157,4.6
61,105,3.7
61,957,1.8
61,193,3.4
61,237,2.0
61,432,3.2
61,495,1.2
61,320,1.8
61,945,4.9
61,679,4.4
61,207,1.2
62,275,2.6
62,836,1.4
62,412,1.9
62,515,1.9
62,837,5.0
62,325,2.0
62,387,3.6
62,915,2.7
62,940,4.7
62,733,1.8
62,527,3.2
62,631,3.7
62,149,3.9
62,395,1.5
62,200,4.8
62,899,4.5
62,90,5.0
63,104,1.4
63,75,1.6
63,723,1.8
63,708,1.1
63,416,2.3
63,499,4.9
63,444,4.4
63,864,1.3
63,921,2.9
63,662,1.2
63,1000,4.6
63,56,2.2
63,596,3.4
63,144,2.0
63,70,3.0
63,443,3.4
63,512,3.4
63,68,1.9
63,591,2.7
64,150,1.3
64,466,1.2
64,702,1.9
64,736,3.7
64,971,1.4
64,545,3.2
64,918,2.2
64,298,2.0
64,840,2.8
64,636,5.0
64,963,2.7
64,378,5.0
64,72,4.8
64,768,1.7
64,754,3.3
64,384,2.1
64,917,3.5
64,162,3.9
64,424,4.8
65,138,4.5
65,371,1.2
65,555,2.8
65,157,1.7
65,51,1.8
65,458,2.4
65,401,4.9
65,945,4.4
65,895,2.8
65,357,1.4
65,772,3.6
65,348,2.7
65,149,4.5
65,154,3.5
65,681,3.1
66,66,2.1
66,229,1.4
66,341,4.9
66,91,4.0
66,934,1.3
66,593,4.1
66,103,2.2
66,668,4.9
66,584,1.9
66,376,2.2
66,572,1.2
66,14,2.9
66,824,4.1
66,958,4.3
66,116,3.7
66,992,3.6
66,178,3.7
66,160,2.8
66,509,3.0
66,566,3.8
66,881,4.9
67,991,4.5
67,2,1.6
67,254,1.3
67,820,3.8
67,716,3.6
67,747,4.2
67,510,2.4
67,661,1.5
67,307,1.1
67,311,1.1
67,443,4.6
67,241,3.8
67,461,1.4
67,922,2.9
68,993,4.1
68,574,2.8
68,567,2.6
68,173,1.1
68,471,3.6
68,13,1.2
68,156,2.1
68,306,1.7
68,374,4.8
68,103,4.4
68,59,4.8
68,300,3.2
68,523,1.9
68,432,2.0
68,892,1.5
68,727,1.6
68,902,4.3
68,15,1.9
69,999,1.2
69,128,3.2
69,788,4.8
69,241,3.3
69,735,1.5
69,406,4.0
69,409,1.5
69,84,3.6
69,467,3.7
69,318,2.0
70,290,3.2
70,455,3.6
70,191,3.6
70,516,3.3
70,69,4.9
70,490,2.4
70,15,1.2
70,346,4.3
70,553,1.2
70,277,3.6
70,201,2.5
70,76,2.3
70,848,4.3
71,207,2.0
71,276,3.3
71,309,5.0
71,298,2.0
71,442,4.6
71,509,4.3
71,346,1.0
71,723,2.0
71,427,1.9
71,681,3.6
71,221,2.3
71,843,1.3
71,99,1.1
71,168,2.4
71,219,4.7
71,659,3.8
71,376,2.1
71,349,4.4
72,393,2.6
72,148,4.1
72,934,1.8
72,356,3.7
72,227,1.6
72,536,4.1
72,642,3.0
72,501,4.8
72,628,3.5
72,237,2.0
72,335,2.2
72,885,1.2
72,710,4.5
72,112,1.4
72,54,2.6
72,110,1.5
72,405,1.9
73,169,3.9
73,601,4.9
73,914,1.2
73,805,2.7
73,757,3.5
73,994,1.2
73,676,1.4
73,686,4.8
73,935,4.1
73,544,2.6
73,644,2.8
74,924,3.9
74,747,4.6
74,141,3.9
74,978,1.9
74,134,1.1
74,694,1.0
74,107,3.7
74,230,1.7
74,67,1.5
74,280,4.6
74,857,1.0
74,990,3.8
74,377,1.4
74,5,4.7
74,131,4.2
74,875,3.6
74,600,1.9
74,181,4.2
74,844,1.4
74,412,1.3
74,312,2.6
74,985,4.7
74,93,4.7
74,887,4.7
74,304,1.1
74,621,2.4
74,52,3.3
74,681,3.4
74,961,2.2
74,755,4.4
75,504,3.7
75,778,3.3
75,278,2.7
75,749,3.9
75,274,2.1
75,956,1.9
75,16,4.1
75,194,1.6
75,431,2.0
75,521,1.5
75,425,4.6
75,217,1.5
75,719,3.8
75,270,1.3
75,111,3.8
75,792,2.5
75,806,4.2
75,508,1.6
75,303,4.8
75,179,1.0
76,604,3.6
76,418,4.5
76,89,3.2
76,406,4.3
76,26,4.6
76,662,2.3
76,350,4.7
76,402,4.9
76,422,3.5
76,543,2.8
77,4,3.3
77,319,4.7
77,575,3.3
77,87,3.8
77,503,2.8
77,287,5.0
77,205,3.1
77,263,1.2
77,421,2.0
77,243,3.8
77,180,4.6
77,551,1.1
77,726,4.9
77,81,3.3
77,757,2.9
77,858,1.9
78,75,1.1
78,199,3.3
78,568,4.2
78,881,4.8
78,492,4.4
78,6,3.9
78,89,2.2
78,235,4.6
78,19,1.9
78,939,3.4
78,256,1.8
78,126,2.4
78,456,3.8
78,797,1.7
78,25,1.1
78,483,1.6
78,628,1.2
79,323,2.3
79,92,1.1
79,336,1.2
79,267,4.4
79,81,2.2
79,392,4.9
79,521,4.1
79,753,3.4
79,456,3.2
79,785,1.5
79,118,1.1
79,897,1.5
79,865,3.3
79,302,1.7
79,697,1.8
79,170,1.2
79,58,4.1
79,451,4.2
79,108,4.9
80,551,3.7
80,683,4.6
80,782,2.0
80,649,3.7
80,444,1.2
80,347,4.7
80,660,3.7
80,354,2.1
80,492,3.6
80,24,1.0
80,959,3.2
80,835,2.9
80,598,2.2
80,175,4.6
80,129,2.5
80,137,4.1
80,914,4.4
80,487,2.9
80,106,3.1
80,897,1.2
80,638,1.3
80,321,1.3
80,757,3.1
80,126,3.8
81,531,2.8
81,331,4.1
81,846,2.9
81,607,1.2
81,828,2.9
81,469,3.8
81,339,3.1
81,767,4.3
81,704,3.5
81,183,4.9
81,171,3.3
81,938,4.9
81,940,2.3
81,777,4.7
81,150,1.2
81,358,4.6
81,165,1.1
81,75,2.3
82,141,3.7
82,39,2.0
82,669,1.4
82,774,2.7
82,174,3.1
82,543,1.7
82,773,2.8
82,966,3.0
82,18,1.7
82,357,3.6
82,493,1.5
82,863,3.3
82,890,2.0
82,209,3.7
82,835,2.0
83,940,1.7
83,584,3.9
83,581,3.5
83,22,2.0
83,873,2.5
83,802,3.7
83,542,2.7
83,762,4.5
83,264,1.9
83,620,4.6
83,473,4.7
83,559,2.1
83,33,3.8
83,135,1.9
83,437,4.8
83,588,4.2
83,678,2.9
83,302,3.2
83,676,2.4
83,397,4.7
83,208,1.6
83,959,4.7
83,767,2.5
83,341,4.3
83,844,1.3
83,589,1.3
83,852,3.0
84,705,1.4
84,320,3.8
84,530,2.9
84,932,4.3
84,266,2.9
84,300,1.3
84,85,3.3
84,38,3.3
84,153,4.8
84,818,2.9
84,639,3.5
85,956,3.5
85,579,4.6
85,222,3.9
85,506,4.5
85,454,3.2
85,356,1.6
85,977,2.2
85,623,3.1
85,900,4.3
85,274,3.8
85,331,2.5
85,772,1.8
85,751,1.5
85,417,4.9
85,891,1.3
85,685,2.4
85,620,2.4
85,496,4.0
85,862,3.3
85,180,2.3
86,661,3.0
86,770,1.1
86,207,3.1
86,621,4.0
86,870,1.1
86,729,2.9
86,804,1.4
86,787,2.0
86,539,1.8
86,989,1.1
86,367,4.4
86,218,1.9
86,239,2.3
86,280,1.2
86,254,3.5
86,322,4.2
86,698,4.5
86,559,1.3
86,695,4.8
86,62,4.9
86,259,3.6
86,304,2.6
86,476,1.8
86,845,2.8
86,922,1.0
86,738,3.2
87,105,2.9
87,243,3.2
87,546,2.3
87,554,2.1
87,548,1.0
87,100,1.5
87,318,1.2
87,250,1.2
87,643,2.6
87,75,3.9
87,460,4.2
87,154,3.7
87,65,3.0
87,852,1.5
87,510,4.5
87,49,4.3
87,668,3.8
87,114,2.3
87,221,2.3
87,224,3.2
87,365,4.7
87,488,1.2
87,355,3.5
87,38,3.3
87,965,2.3
87,169,5.0
87,596,4.1
87,893,2.9
88,227,3.0
88,775,1.8
88,205,1.2
88,206,3.8
88,786,3.0
88,674,4.1
88,693,4.6
88,502,3.5
88,690,3.9
88,848,3.3
88,580,1.9
88,611,1.0
88,313,2.7
88,618,4.3
88,992,2.0
88,820,2.7
89,677,3.5
89,119,2.4
89,795,4.0
89,512,2.9
89,203,2.2
89,272,3.5
89,319,3.1
89,396,1.5
89,897,1.2
89,781,3.2
89,80,3.7
89,707,1.6
89,445,1.1
89,479,3.9
89,941,3.7
89,440,2.0
89,280,3.7
89,995,4.5
89,842,1.7
89,585,2.6
89,278,2.7
90,893,3.3
90,109,2.8
90,931,3.0
90,925,2.8
90,401,1.8
90,828,3.9
90,302,2.5
90,331,3.3
90,811,4.9
90,505,4.5
90,979,1.5
90,389,2.1
90,98,2.0
90,197,1.3
90,497,3.8
90,278,2.4
91,385,4.0
91,53,4.0
91,210,3.9
91,507,2.3
91,811,1.2
91,457,4.8
91,217,3.2
91,942,4.3
91,379,1.9
91,720,4.8
91,152,1.9
91,230,3.2
91,244,1.2
91,582,4.7
91,404,1.7
91,877,2.7
91,912,3.2
91,479,1.4
91,451,2.0
91,374,2.1
91,756,4.5
92,878,4.3
92,606,3.2
92,735,3.5
92,799,2.4
92,17,1.4
92,423,1.7
92,968,2.5
92,440,3.5
92,297,1.7
92,173,4.9
92,425,4.1
92,52,4.6
92,957,5.0
93,311,4.1
93,138,2.8
93,253,2.6
93,325,4.0
93,522,4.5
93,758,2.1
93,367,4.0
93,293,3.7
93,386,1.9
93,181,2.3
93,874,3.9
93,549,4.4
93,564,4.3
94,401,2.9
94,619,2.8
94,455,2.3
94,307,2.2
94,621,4.1
94,784,4.2
94,822,2.8
94,696,1.4
94,234,4.1
94,512,4.5
94,951,2.8
94,522,3.8
94,162,4.3
94,341,4.2
94,768,2.0
94,350,3.4
94,682,3.8
94,384,1.3
94,717,4.3
94,45,4.5
94,845,3.6
94,69,4.6
94,563,4.0
94,46,1.9
94,124,2.3
94,198,4.8
94,690,3.5
94,285,4.2
94,293,1.6
95,99,1.4
95,176,1.2
95,804,3.1
95,715,2.4
95,983,3.0
95,258,3.8
95,484,2.0
95,550,1.8
95,259,3.5
95,842,3.8
95,36,3.3
95,249,4.3
95,723,2.7
95,205,2.0
95,242,4.7
95,279,4.0
95,110,4.8
95,679,3.0
95,332,4.8
95,344,2.7
95,529,3.2
95,899,4.1
95,936,2.3
95,593,1.0
95,396,3.4
95,996,2.8
96,726,1.8
96,240,3.5
96,665,2.1
96,388,1.1
96,252,4.3
96,922,2.0
96,258,4.7
96,164,2.0
96,628,1.6
96,836,1.1
96,475,1.8
96,247,2.5
96,551,2.0
96,100,1.6
96,409,2.5
96,441,3.9
96,575,1.4
96,766,2.9
96,978,2.0
96,210,2.5
96,805,2.2
96,29,3.5
96,716,4.7
97,476,3.6
97,471,3.7
97,265,1.1
97,195,2.7
97,572,3.6
97,416,3.6
97,770,4.1
97,192,4.4
97,76,4.0
97,743,3.8
97,823,1.3
97,67,4.8
97,158,4.8
97,637,1.2
97,503,4.2
97,804,1.5
97,344,2.3
97,981,4.2
97,377,1.4
97,844,1.1
97,848,1.2
97,798,1.9
97,235,2.3
97,175,2.3
97,465,1.9
97,897,2.4
97,74,4.3
97,931,4.9
98,300,4.7
98,627,4.6
98,779,4.7
98,560,1.1
98,357,2.5
98,594,5.0
98,83,4.9
98,707,3.3
98,566,1.5
98,117,2.1
98,328,1.4
98,75,1.1
98,240,2.0
98,459,1.2
98,441,4.2
99,122,2.0
99,230,1.4
99,914,4.1
99,457,1.7
99,648,1.9
99,98,1.3
99,858,2.1
99,17,1.0
99,700,2.0
99,841,3.7
99,780,1.3
99,728,3.9
99,527,4.4
99,442,3.6
99,745,1.6
99,441,1.0
99,476,1.8
99,534,3.8
99,756,3.4
99,68,1.6
99,888,3.4
99,621,2.8
100,907,4.7
100,587,2.5
100,158,1.6
100,203,3.1
100,124,4.5
100,56,1.2
100,114,2.3
100,279,2.4
100,618,2.7
100,965,4.0
100,213,2.4
100,791,1.6
100,851,3.0
100,879,2.5
100,868,1.0
100,538,2.8
100,494,2.0
100,128,3.6
100,973,3.7
100,9,4.2
100,749,3.1
100,308,3.3
100,873,2.5
100,6,3.8
101,214,3.9
101,247,2.1
101,685,1.7
101,812,1.7
101,646,3.7
101,22,3.8
101,239,4.3
101,335,1.8
101,635,2.0
101,706,1.1
101,496,1.1
101,720,2.6
101,271,2.3
102,845,3.4
102,741,4.3
102,945,2.2
102,766,4.9
102,872,4.6
102,971,2.9
102,807,4.7
102,404,1.8
102,941,1.4
102,283,2.2
102,236,4.1
102,458,1.0
102,387,4.1
102,438,4.7
102,243,2.4
102,757,1.7
102,882,3.5
102,421,1.3
102,291,2.8
102,853,3.0
102,749,4.7
102,92,4.3
102,833,1.5
103,206,1.4
103,902,4.0
103,900,3.9
103,138,3.9
103,499,4.2
103,146,1.7
103,364,1.6
103,112,4.5
103,66,2.3
103,362,1.1
103,846,2.1
103,640,2.1
103,195,2.3
103,85,4.0
103,535,4.9
103,892,2.6
103,680,1.2
103,833,4.1
103,104,3.2
103,1,2.5
103,794,5.0
103,306,4.3
103,363,3.7
104,3,3.6
104,520,2.6
104,33,1.1
104,697,1.2
104,855,4.0
104,6,2.4
104,440,4.3
104,526,4.6
104,658,1.2
104,444,1.2
104,10,5.0
104,309,4.8
104,332,4.9
104,717,2.0
104,488,1.8
104,27,1.4
104,388,4.4
104,14,3.2
104,667,1.5
104,284,4.5
104,410,2.1
105,88,3.3
105,724,3.7
105,15,2.0
105,35,4.1
105,305,1.2
105,955,1.8
105,880,3.8
105,498,4.6
105,440,2.8
105,262,4.4
105,691,3.6
105,488,3.2
105,431,2.8
105,738,1.6
105,882,4.7
105,548,3.6
105,814,3.2
106,478,1.7
106,75,2.8
106,468,4.8
106,950,3.2
106,826,1.4
106,471,2.4
106,425,4.1
106,877,1.2
106,394,2.9
106,251,2.1
106,138,4.3
106,869,4.0
106,136,4.1
106,332,3.4
106,286,1.0
106,940,3.3
106,523,1.4
106,38,1.9
106,203,1.3
106,9,4.1
106,935,1.1
106,360,4.6
106,202,4.0
106,663,1.3
106,493,4.3
106,601,4.8
107,246,1.3
107,618,3.7
107,630,3.1
107,75,3.8
107,916,2.7
107,508,4.3
107,300,5.0
107,800,2.0
107,653,3.0
107,1000,2.9
108,543,4.3
108,12,1.4
108,263,3.1
108,433,4.2
108,488,1.3
108,465,3.1
108,125,4.7
108,503,4.7
108,792,1.6
108,443,1.4
109,710,1.0
109,597,3.8
109,285,3.4
109,583,3.0
109,857,4.3
109,799,2.3
109,119,2.9
109,316,3.2
109,250,3.6
109,620,3.8
109,980,4.6
109,220,4.1
109,87,2.3
109,657,5.0
109,527,4.3
109,791,3.3
109,798,1.2
109,804,2.3
109,278,2.2
109,724,3.6
109,996,3.2
109,67,3.8
109,321,4.5
109,894,2.9
109,421,3.2
109,639,2.7
110,860,2.7
110,756,3.9
110,671,2.1
110,433,2.8
110,5,4.9
110,249,2.9
110,452,3.9
110,505,1.3
110,444,1.7
110,168,3.8
110,579,1.3
110,486,1.6
110,62,1.4
110,970,3.8
110,751,2.7
110,293,4.4
110,446,5.0
110,416,4.6
110,891,1.7
110,296,3.5
110,50,1.1
110,321,5.0
110,820,4.7
110,230,3.8
110,597,3.5
110,270,1.4
110,946,1.2
111,867,2.6
111,937,2.1
111,290,3.7
111,751,2.2
111,283,4.1
111,810,3.0
111,870,2.0
111,959,2.6
111,992,3.8
111,865,1.3
112,297,3.4
112,476,3.2
112,810,2.4
112,422,1.4
112,490,1.9
112,742,3.6
112,746,2.5
112,859,3.6
112,943,4.1
112,363,1.4
112,342,1.0
112,538,2.6
112,174,3.2
112,344,5.0
112,526,1.7
112,190,1.4
112,811,3.7
113,31,1.3
113,724,3.4
113,376,3.1
113,867,2.2
113,281,1.7
113,455,4.3
113,147,1.7
113,298,4.3
113,80,1.8
113,649,2.4
113,240,4.0
113,907,1.2
113,815,4.1
113,978,1.8
114,905,3.1
114,885,4.3
114,289,2.4
114,341,4.2
114,278,3.6
114,494,2.3
114,805,3.6
114,971,1.2
114,456,3.5
114,63,4.6
114,391,4.3
114,75,1.3
114,100,1.8
114,149,4.2
114,352,1.9
114,112,4.6
114,35,4.4
114,357,4.7
114,933,4.2
114,883,2.6
114,579,3.3
114,219,4.3
114,934,2.1
114,517,2.5
115,700,2.7
115,88,3.9
115,105,4.6
115,754,2.9
115,499,1.2
115,126,4.7
115,850,1.7
115,360,3.6
115,446,3.0
115,256,3.4
115,161,5.0
115,450,4.1
115,194,3.5
115,449,4.5
115,393,4.7
115,720,1.0
115,416,4.0
115,964,4.7
115,633,4.3
115,7,4.9
115,41,3.2
115,922,4.8
115,348,4.6
115,961,1.8
115,123,2.1
115,198,4.6
115,812,2.2
115,574,4.1
115,65,2.5
115,727,1.7
116,299,4.2
116,615,2.6
116,696,3.0
116,485,4.3
116,577,2.6
116,305,4.9
116,344,1.1
116,675,1.3
116,766,2.2
116,346,3.2
116,692,4.2
116,402,2.4
116,403,3.3
116,934,4.3
116,475,3.0
116,918,3.5
116,585,1.5
116,38,2.2
116,453,4.0
116,977,2.0
116,106,3.7
117,336,2.6
117,637,1.9
117,49,4.6
117,309,3.2
117,332,4.9
117,733,2.0
117,516,1.5
117,348,3.5
117,968,4.4
117,289,3.2
117,343,3.4
117,832,1.1
117,299,4.8
117,697,4.6
117,652,2.3
118,995,4.0
118,580,2.5
118,988,2.7
118,819,1.2
118,498,2.3
118,73,2.9
118,765,2.8
118,194,2.6
118,463,3.1
118,872,3.6
118,487,3.9
118,234,1.3
119,727,4.4
119,734,4.8
119,715,4.3
119,809,4.1
119,81,2.1
119,131,2.6
119,511,1.2
119,34,4.6
119,713,2.6
119,495,3.3
119,103,4.4
119,964,3.3
119,185,3.7
119,976,3.4
119,248,3.0
119,717,2.2
119,19,1.6
119,651,1.6
119,448,4.2
119,718,2.3
119,113,4.9
120,883,1.0
120,994,3.3
120,990,3.1
120,866,1.8
120,659,3.8
120,912,3.9
120,420,3.0
120,979,4.2
120,629,2.5
120,16,1.9
120,313,4.3
120,737,4.3
120,530,5.0
120,455,1.1
120,215,2.6
120,446,2.2
120,547,4.9
120,770,2.7
120,375,3.8
120,104,2.1
120,898,2.4
120,264,1.2
120,605,2.9
120,955,4.0
120,379,4.8
120,415,1.4
120,641,1.6
120,125,2.4
121,509,1.4
121,14,3.8
121,86,3.6
121,228,3.5
121,317,4.9
121,615,1.5
121,621,4.7
121,378,2.3
121,345,4.6
121,82,2.1
121,400,3.7
121,978,1.2
121,642,4.2
121,857,1.2
121,71,4.2
122,113,3.4
122,553,1.3
122,89,1.5
122,530,3.0
122,912,3.7
122,32,3.7
122,198,2.2
122,346,3.0
122,3,3.6
122,457,1.8
122,482,4.8
122,326,1.1
122,28,3.7
122,308,1.2
122,410,4.7
123,228,4.5
123,322,3.9
123,454,4.7
123,837,3.7
123,196,1.7
123,800,2.4
123,350,1.4
123,822,4.6
123,783,4.8
123,220,5.0
123,324,1.5
123,884,2.6
123,918,4.9
123,159,4.6
123,602,3.1
123,587,2.6
123,564,4.0
123,793,2.1
123,534,1.3
123,242,4.2
123,458,3.2
123,660,2.1
123,687,1.2
123,28,4.2
123,100,4.0
123,259,1.6
123,717,1.4
124,399,3.9
124,145,4.7
124,720,2.7
124,278,2.6
124,963,2.1
124,723,1.5
124,961,3.4
124,890,3.4
124,302,2.3
124,336,3.9
125,582,1.5
125,379,5.0
125,979,2.6
125,747,3.8
125,456,2.1
125,262,4.6
125,123,2.0
125,987,2.2
125,685,1.1
125,23,4.7
125,248,2.6
125,281,3.2
125,30,3.7
125,407,3.2
125,951,2.0
125,345,4.6
125,514,1.7
125,463,3.5
125,373,4.7
125,369,3.6
125,746,1.8
125,335,3.9
126,181,3.1
126,252,3.4
126,130,1.7
126,577,4.4
126,360,3.7
126,790,4.7
126,103,1.5
126,818,2.6
126,237,2.2
126,496,1.7
126,576,3.6
126,152,2.2
127,974,1.5
127,886,3.8
127,626,3.0
127,44,4.1
127,758,3.4
127,590,4.2
127,764,2.4
127,481,2.4
127,458,4.9
127,345,2.9
127,645,2.0
127,113,1.9
127,692,4.3
127,225,2.3
127,900,2.7
127,4,4.0
127,971,3.8
127,639,2.2
127,290,3.8
127,666,1.4
127,508,4.6
127,118,1.5
127,929,4.6
127,862,1.8
127,539,4.2
127,358,4.3
127,20,2.4
128,334,4.7
128,697,3.0
128,180,3.2
128,618,4.4
128,976,2.3
128,682,4.4
128,316,3.1
128,652,4.4
128,430,2.5
128,893,3.0
128,287,1.2
128,387,3.1
128,927,4.9
128,173,4.4
128,11,1.2
128,442,3.8
128,693,1.7
128,859,3.6
128,804,4.4
128,885,4.8
128,753,3.0
128,455,1.4
128,665,3.3
128,809,1.2
128,39,3.5
129,799,4.6
129,879,2.4
129,41,4.6
129,53,2.5
129,726,2.1
129,941,1.3
129,741,2.3
129,486,3.8
129,894,3.6
129,7,3.1
129,980,3.0
129,349,4.5
129,289,1.1
129,515,4.7
129,847,3.0
129,231,2.0
129,676,3.3
129,718,2.2
129,684,3.9
129,181,4.8
129,724,2.6
129,357,3.9
129,533,2.2
129,552,3.5
129,766,2.9
129,233,4.2
129,609,4.9
129,748,1.9
129,995,2.7
129,154,3.1
130,137,3.1
130,494,2.0
130,302,3.5
130,738,3.4
130,122,3.6
130,511,1.0
130,588,1.2
130,323,4.5
130,38,4.9
130,549,2.3
130,993,1.6
130,308,2.8
130,304,4.8
130,371,2.1
130,808,4.0
130,338,1.6
130,91,4.1
130,185,2.1
130,897,1.6
130,614,3.4
130,937,1.1
131,405,1.2
131,945,1.1
131,428,1.2
131,356,4.4
131,32,4.0
131,814,3.3
131,402,1.0
131,268,4.5
131,531,4.5
131,349,1.5
131,997,3.0
131,442,2.1
131,948,3.2
131,367,1.7
131,335,3.4
131,744,2.7
131,229,4.4
131,292,4.4
132,546,1.1
132,902,3.0
132,990,4.6
132,147,2.3
132,497,1.4
132,320,2.6
132,702,3.2
132,725,1.8
132,30,3.7
132,315,3.4
132,616,3.3
132,986,1.7
132,434,4.6
132,856,3.2
132,500,4.7
132,261,4.7
132,965,1.5
132,413,2.9
133,890,2.5
133,994,4.8
133,106,2.3
133,969,1.7
133,146,1.7
133,298,4.5
133,649,3.7
133,925,4.0
133,71,4.7
133,874,4.0
133,152,2.4
133,274,2.4
134,211,4.4
134,350,4.2
134,846,1.0
134,335,2.2
134,673,1.3
134,649,3.7
134,636,1.4
134,569,3.4
134,440,2.8
134,652,4.0
134,957,1.8
135,368,1.3
135,139,1.6
135,836,2.0
135,181,1.1
135,373,4.6
135,935,3.7
135,324,3.2
135,780,2.2
135,535,4.9
135,243,1.3
135,662,4.5
135,524,2.6
135,380,1.4
135,796,1.3
135,293,4.0
135,630,1.6
135,533,1.6
135,117,1.3
135,678,4.6
135,627,1.4
135,410,4.8
135,282,3.8
135,841,4.2
135,798,2.8
135,210,4.2
135,847,3.4
135,228,3.6
135,305,4.6
135,932,2.6
136,952,4.4
136,617,4.0
136,186,4.5
136,218,4.6
136,590,3.8
136,11,1.8
136,653,1.2
136,574,3.1
136,954,4.3
136,639,2.8
136,796,4.5
136,352,1.7
136,330,4.5
136,888,4.7
136,706,1.6
136,936,1.5
136,940,1.8
136,927,1.6
136,860,1.1
136,246,3.9
136,904,2.2
136,456,2.8
136,269,3.6
136,37,1.9
136,602,1.1
136,719,2.7
136,510,4.3
137,754,2.9
137,106,2.5
137,344,2.0
137,49,2.0
137,586,1.5
137,931,2.3
137,798,1.4
137,962,5.0
137,668,1.5
137,7,1.6
137,28,2.7
137,876,2.1
137,911,4.3
137,788,4.1
137,460,3.3
137,373,1.2
137,15,1.5
137,304,3.4
137,29,4.8
137,416,3.9
137,796,2.3
137,702,1.7
137,369,3.8
137,549,2.6
137,345,2.7
138,725,2.3
138,101,4.5
138,938,1.7
138,492,2.0
138,58,1.9
138,554,2.8
138,304,4.2
138,897,5.0
138,461,2.5
138,796,3.4
138,672,2.1
138,721,3.7
138,673,3.7
138,136,1.6
138,236,1.3
138,22,2.4
138,961,2.7
138,525,2.8
138,598,1.9
138,538,4.1
138,955,4.5
138,311,4.5
138,496,3.6
138,362,2.0
138,636,1.0
138,722,1.5
138,443,4.2
138,194,2.8
138,514,3.2
138,765,2.9
139,156,2.5
139,538,4.1
139,180,2.0
139,600,1.9
139,509,1.1
139,164,1.9
139,338,2.2
139,269,2.7
139,777,4.2
139,85,2.3
139,461,3.9
139,763,2.8
139,801,3.2
139,292,2.1
139,855,1.4
139,791,2.9
139,142,1.7
140,763,3.6
140,29,4.8
140,546,4.0
140,544,1.1
140,943,4.5
140,261,3.3
140,79,2.4
140,897,2.6
140,930,4.4
140,297,1.9
140,804,1.2
140,642,3.9
140,189,4.5
140,549,3.9
140,669,1.8
140,40,2.2
140,947,3.7
140,208,3.9
140,334,1.7
140,854,4.4
140,482,2.0
140,837,4.0
140,970,4.2
140,66,4.2
140,656,3.8
140,919,3.0
140,840,5.0
140,337,4.8
141,30,1.1
141,775,2.7
141,957,2.7
141,830,4.5
141,666,5.0
141,167,2.0
141,722,2.0
141,154,3.8
141,542,1.3
141,489,4.1
141,507,1.4
141,494,1.6
142,819,3.8
142,691,1.6
142,114,1.4
142,600,1.4
142,731,3.2
142,898,1.2
142,737,2.7
142,906,1.2
142,133,1.8
142,813,5.0
142,336,1.8
142,301,2.6
142,537,4.6
142,313,1.0
142,449,3.5
142,354,4.4
142,787,3.8
142,540,2.0
142,992,4.8
142,172,1.9
142,397,1.6
142,14,2.4
142,854,3.0
142,482,3.5
142,418,2.3
142,350,3.4
142,11,4.1
142,496,2.6
142,73,1.3
143,471,2.1
143,939,1.3
143,978,4.4
143,381,3.2
143,643,3.8
143,706,2.0
143,666,1.3
143,125,2.7
143,917,2.1
143,332,4.4
143,386,4.4
143,426,2.8
143,96,3.5
143,244,1.5
143,16,2.8
143,377,2.8
143,149,2.7
143,73,2.1
144,875,4.7
144,228,1.2
144,951,2.8
144,802,1.4
144,379,3.5
144,824,2.5
144,345,3.7
144,769,3.3
144,474,4.7
144,241,2.7
144,449,1.1
144,275,3.4
144,678,1.8
144,287,5.0
144,317,2.5
144,139,4.5
144,686,1.7
144,220,2.1
144,144,2.5
144,854,1.8
144,43,3.3
144,938,2.6
144,610,4.9
144,40,3.3
144,991,1.2
144,422,1.2
144,359,3.2
144,284,2.8
144,677,2.1
144,597,2.3
145,894,1.8
145,957,3.8
145,427,3.6
145,111,3.3
145,217,1.7
145,582,3.5
145,87,3.1
145,344,1.8
145,192,2.8
145,589,2.2
145,202,2.1
145,640,3.8
145,488,2.3
145,820,1.7
145,216,3.9
145,356,1.3
145,663,3.1
145,313,4.8
145,65,3.9
145,585,2.1
145,619,4.6
146,357,4.3
146,559,3.0
146,843,1.8
146,639,2.5
146,308,2.7
146,669,1.6
146,436,3.3
146,628,1.1
146,890,3.3
146,417,3.8
146,971,4.1
146,372,2.0
146,434,3.3
146,261,1.3
146,389,3.4
146,973,3.0
147,448,3.6
147,647,4.9
147,990,3.0
147,732,1.9
147,640,2.4
147,513,4.4
147,390,1.6
147,319,1.4
147,850,4.3
147,560,4.8
147,577,3.8
147,668,4.3
147,274,1.1
147,780,4.6
147,420,3.4
148,990,2.5
148,991,4.9
148,46,3.6
148,386,1.9
148,412,2.7
148,903,3.6
148,44,3.7
148,603,1.9
148,374,4.9
148,533,1.7
148,547,1.2
148,201,4.4
148,780,4.4
148,486,3.7
149,952,1.3
149,186,1.6
149,649,4.9
149,256,4.1
149,520,4.3
149,127,2.1
149,716,1.2
149,66,2.5
149,324,3.7
149,765,3.5
149,427,3.6
149,128,2.2
149,518,2.5
149,217,3.0
149,162,1.6
149,827,1.2
149,937,4.1
149,532,3.2
150,690,3.7
150,331,4.1
150,62,3.2
150,462,4.8
150,434,3.9
150,491,3.3
150,287,3.4
150,398,4.6
150,674,2.9
150,684,2.8
150,772,3.7
150,22,1.5
150,961,3.1
150,927,2.4
150,765,2.0
150,800,1.5
150,745,1.7
150,516,2.9
150,766,1.2
150,196,3.7
150,869,2.9
150,65,3.6
151,689,4.1
151,939,2.5
151,87,4.6
151,204,4.2
151,145,2.9
151,499,2.4
151,648,2.9
151,81,1.1
151,649,2.9
151,950,4.6
151,195,2.2
151,555,1.1
151,289,3.7
151,228,4.3
151,138,4.6
151,583,2.0
151,931,4.3
151,212,2.5
151,884,1.7
151,609,3.1
151,692,1.8
151,769,3.1
151,800,4.6
152,524,4.7
152,190,4.2
152,94,2.2
152,133,1.1
152,104,3.5
152,211,2.7
152,147,2.8
152,249,1.8
152,651,4.5
152,341,4.0
152,764,4.8
152,542,4.9
152,436,4.3
152,299,2.6
152,611,4.6
152,171,3.7
152,981,4.6
153,248,2.3
153,82,1.1
153,302,4.5
153,41,2.6
153,753,2.6
153,467,1.2
153,202,2.0
153,855,1.0
153,575,1.5
153,439,1.0
153,705,2.8
153,32,1.5
153,428,3.7
153,14,4.5
153,776,2.3
153,329,3.2
153,727,1.7
153,569,4.6
153,703,4.5
153,107,3.5
153,205,4.2
153,274,2.6
153,56,4.2
153,454,3.7
153,681,2.5
153,917,3.7
153,401,4.6
153,288,4.8
153,37,4.1
153,797,3.0
154,878,4.7
154,5,2.5
154,823,2.5
154,766,1.2
154,964,4.6
154,470,1.6
154,200,4.9
154,196,3.9
154,765,3.3
154,481,3.5
154,683,1.4
154,622,2.0
154,709,1.3
154,152,3.1
154,403,4.2
154,861,2.3
154,176,1.8
154,101,4.7
154,889,2.3
154,756,2.4
154,270,4.9
154,642,1.7
154,486,3.6
154,244,3.2
155,536,2.8
155,872,1.8
155,273,3.4
155,691,4.0
155,914,2.8
155,669,1.0
155,935,1.4
155,630,3.2
155,49,4.3
155,836,3.0
155,137,2.3
155,693,3.4
155,206,2.7
156,425,1.1
156,773,2.5
156,97,4.2
156,968,1.8
156,814,4.5
156,419,4.2
156,850,2.2
156,532,2.4
156,234,2.1
156,837,2.5
156,800,3.9
157,715,3.4
157,40,2.9
157,774,1.3
157,590,4.3
157,965,2.4
157,624,2.8
157,294,4.1
157,74,4.3
157,538,1.1
157,145,2.1
157,958,4.4
157,100,1.1
157,312,1.0
157,224,3.1
157,981,1.8
157,121,4.1
157,671,1.9
157,403,2.8
157,644,3.4
157,426,1.7
157,925,3.9
157,709,2.5
157,176,2.2
157,789,1.9
157,525,2.0
157,557,3.6
158,306,2.5
158,156,1.2
158,348,3.6
158,514,4.7
158,439,1.4
158,261,1.9
158,563,2.0
158,706,4.4
158,898,4.9
158,639,1.5
158,38,4.6
158,363,4.2
158,694,4.3
158,28,1.6
158,232,1.0
159,924,4.9
159,468,3.8
159,681,5.0
159,748,4.3
159,741,3.9
159,268,4.1
159,897,4.3
159,449,4.2
159,262,4.6
159,644,4.1
159,271,4.1
159,998,4.7
159,980,2.8
159,519,3.8
159,278,3.2
159,871,4.7
159,26,1.6
159,134,4.9
159,138,2.0
159,989,3.0
159,557,4.7
160,775,3.3
160,274,3.5
160,168,4.8
160,812,1.1
160,216,2.1
160,810,1.6
160,884,1.3
160,973,1.1
160,777,2.5
160,174,1.1
160,599,1.1
160,380,3.6
160,778,4.2
160,172,2.0
160,450,2.1
160,572,1.1
160,449,3.8
160,711,4.8
160,907,3.8
160,465,3.1
160,497,1.6
160,837,1.1
160,154,4.7
160,378,3.9
160,391,4.2
161,883,4.2
161,339,1.4
161,633,2.9
161,535,3.6
161,702,2.2
161,662,2.7
161,239,3.5
161,734,4.4
161,638,1.8
161,515,5.0
161,498,4.4
161,851,3.3
161,83,4.9
162,688,3.0
162,312,1.4
162,356,3.1
162,928,2.7
162,645,2.0
162,113,4.2
162,56,3.6
162,263,1.8
162,969,3.4
162,479,3.9
162,128,4.1
162,757,3.9
162,914,4.8
162,296,4.2
162,54,3.5
162,139,4.9
162,224,4.1
162,243,4.8
162,863,1.5
162,770,1.4
162,237,4.4
162,693,5.0
162,481,4.5
162,7,2.7
162,568,3.5
162,976,3.2
162,28,2.6
163,355,5.0
163,820,1.4
163,135,2.0
163,758,3.7
163,538,4.1
163,654,3.4
163,106,3.6
163,828,4.2
163,895,1.4
163,445,4.1
163,399,3.3
163,787,4.3
163,719,1.1
163,927,3.9
163,455,4.9
163,377,2.0
163,848,2.6
163,4,5.0
164,399,1.5
164,744,4.0
164,783,2.3
164,779,3.2
164,787,2.2
164,791,4.6
164,906,3.8
164,96,2.6
164,29,1.8
164,203,2.3
164,847,4.4
164,705,1.2
164,102,4.6
164,421,4.3
164,441,3.0
164,301,4.5
164,972,2.8
164,353,2.0
164,241,4.5
164,392,4.4
164,202,4.8
164,412,2.9
164,144,2.8
164,256,4.2
164,564,2.0
165,653,4.1
165,919,4.4
165,885,4.9
165,237,3.3
165,882,1.3
165,748,1.8
165,795,3.5
165,833,1.2
165,559,3.3
165,470,1.5
165,543,4.7
165,601,4.5
165,385,1.1
165,54,2.6
166,50,1.1
166,668,3.0
166,579,4.0
166,471,2.5
166,567,2.3
166,321,3.9
166,591,1.4
166,187,1.4
166,552,1.9
166,135,3.8
166,396,1.5
166,496,1.5
166,327,3.8
166,247,4.5
167,742,3.1
167,433,4.7
167,853,2.9
167,519,3.7
167,992,2.5
167,576,3.6
167,287,2.6
167,245,4.9
167,728,3.0
167,443,4.4
167,137,2.2
167,640,2.0
167,937,1.0
167,284,4.6
167,847,4.0
167,540,4.5
168,240,2.1
168,229,1.9
168,633,1.8
168,923,5.0
168,212,4.1
168,996,1.1
168,15,4.3
168,369,3.6
168,233,2.7
168,894,2.2
168,503,2.6
168,70,2.2
168,737,2.6
168,83,1.0
168,614,2.9
168,52,2.3
168,552,3.4
168,339,2.3
168,89,4.2
168,577,1.6
168,140,1.6
168,216,2.6
169,729,4.1
169,415,1.9
169,501,2.8
169,239,1.8
169,647,2.0
169,329,4.6
169,275,3.4
169,679,1.4
169,751,2.4
169,680,4.8
169,129,4.6
169,861,3.4
169,230,4.2
169,400,3.0
169,653,2.4
169,544,2.3
169,270,2.6
169,973,2.7
169,560,4.7
169,681,4.1
169,288,4.5
169,733,2.7
169,674,1.7
169,752,4.0
169,372,1.1
169,327,4.6
170,137,3.9
170,74,4.6
170,685,1.0
170,320,2.2
170,585,1.5
170,75,3.0
170,919,4.0
170,435,4.8
170,289,1.2
170,982,3.6
170,439,3.8
170,929,4.1
170,512,1.8
170,466,1.1
170,792,1.8
170,713,2.1
170,412,2.8
170,637,1.5
170,651,4.1
171,575,5.0
171,959,3.4
171,180,3.0
171,671,4.1
171,993,3.4
171,247,4.1
171,110,1.5
171,636,3.2
171,763,4.0
171,69,4.6
171,954,3.2
171,813,1.3
172,68,1.4
172,590,3.3
172,927,3.6
172,677,1.7
172,753,3.9
172,382,3.8
172,720,1.7
172,593,4.5
172,9,2.8
172,985,3.0
172,432,3.6
172,929,3.1
172,285,1.1
172,237,1.4
172,708,3.1
172,362,1.8
172,705,1.2
172,336,3.2
172,101,4.2
172,415,4.1
173,485,1.9
173,789,2.4
173,216,3.4
173,607,2.9
173,779,2.0
173,452,4.6
173,882,2.2
173,714,4.1
173,317,4.2
173,387,4.7
173,115,3.3
173,46,3.1
174,2,3.9
174,437,4.5
174,463,4.1
174,196,3.1
174,761,2.4
174,393,1.5
174,511,4.0
174,780,3.2
174,461,2.4
174,787,2.2
174,247,1.8
174,362,3.8
174,678,1.2
174,355,3.4
174,534,4.7
174,639,1.4
174,682,3.3
175,636,1.9
175,550,3.5
175,890,2.4
175,323,5.0
175,112,2.5
175,424,2.5
175,406,2.1
175,891,4.0
175,914,4.5
175,120,4.1
175,226,4.6
175,533,4.1
175,466,4.1
175,445,1.6
175,450,4.4
175,908,4.2
175,627,4.2
175,319,4.5
175,59,3.4
175,155,1.9
175,568,2.6
176,1,4.7
176,959,2.5
176,300,3.9
176,511,1.7
176,43,2.3
176,833,2.8
176,829,1.9
176,476,2.2
176,484,5.0
176,986,3.9
176,602,1.9
176,375,2.9
176,783,1.2
176,245,1.2
176,368,1.7
176,601,1.4
176,137,2.8
176,205,1.3
176,400,2.3
176,678,4.0
176,650,2.1
176,688,2.2
176,827,1.5
176,148,2.4
176,619,1.2
176,1000,2.3
176,919,3.2
176,536,4.5
176,425,2.9
176,399,3.9
177,132,1.5
177,874,4.2
177,537,1.2
177,32,4.6
177,484,2.9
177,653,1.6
177,339,1.3
177,116,2.0
177,844,2.5
177,68,3.7
177,361,2.9
177,840,1.4
177,137,2.9
177,198,1.2
177,148,4.6
177,353,3.3
177,657,1.9
177,496,2.4
178,710,1.9
178,967,5.0
178,339,4.6
178,979,1.8
178,508,3.0
178,925,1.4
178,394,2.2
178,16,4.0
178,266,4.3
178,938,3.1
178,816,2.1
178,754,2.9
178,991,2.8
178,570,2.0
179,572,2.4
179,778,1.5
179,278,3.2
179,822,3.9
179,109,4.1
179,523,2.5
179,963,3.8
179,728,1.2
179,184,1.1
179,680,3.2
179,723,4.3
179,666,2.5
179,536,1.1
179,225,2.8
179,110,3.1
179,961,1.8
179,838,3.5
179,53,3.0
179,901,1.8
179,164,4.7
179,762,4.9
179,868,3.2
179,993,2.0
179,724,2.2
179,635,1.6
179,402,4.7
179,343,1.4
179,154,1.2
179,492,4.0
179,341,1.6
180,312,3.0
180,8,1.2
180,631,3.4
180,97,1.2
180,974,4.4
180,674,1.8
180,635,4.5
180,915,2.8
180,405,1.2
180,687,4.3
180,39,2.8
180,241,3.1
180,794,2.5
181,97,4.6
181,620,4.1
181,998,3.0
181,76,2.2
181,672,1.6
181,682,4.3
181,824,2.7
181,439,2.2
181,693,1.7
181,939,4.3
181,297,1.8
181,63,2.2
181,118,3.0
181,445,2.3
181,262,3.5
181,401,4.3
181,670,2.1
181,862,2.0
181,178,4.1
181,540,2.5
181,16,2.0
181,917,1.6
181,673,3.9
181,334,4.6
181,245,1.4
181,64,4.5
182,263,3.4
182,76,4.5
182,948,3.0
182,705,3.5
182,832,1.3
182,357,1.3
182,773,1.6
182,789,1.1
182,24,4.1
182,790,1.2
182,865,4.6
182,891,2.4
183,982,2.6
183,711,2.6
183,175,1.9
183,206,2.1
183,386,2.6
183,663,1.5
183,281,2.2
183,799,2.0
183,11,3.7
183,19,2.3
183,608,3.3
183,18,3.3
183,599,1.8
183,611,3.7
183,870,3.5
183,651,4.5
183,741,4.4
183,479,2.0
184,52,4.3
184,72,1.5
184,565,4.3
184,814,2.5
184,796,3.1
184,506,4.4
184,972,4.1
184,720,3.1
184,634,1.2
184,267,3.6
184,185,4.5
184,347,3.9
184,601,3.9
184,80,1.0
184,51,4.9
184,838,4.7
184,287,4.4
185,263,3.9
185,433,3.6
185,569,4.5
185,123,4.4
185,9,2.0
185,215,2.6
185,664,1.8
185,135,2.7
185,460,2.3
185,621,3.8
186,917,1.7
186,728,2.2
186,299,4.7
186,896,4.2
186,819,2.6
186,17,2.3
186,467,1.2
186,456,3.9
186,865,1.2
186,824,4.1
187,440,3.5
187,73,2.1
187,982,2.4
187,365,2.2
187,11,4.1
187,261,1.4
187,139,3.5
187,617,3.2
187,648,3.9
187,627,3.2
187,699,1.4
187,148,1.1
187,109,3.7
187,346,3.9
187,926,4.4
187,731,4.2
187,41,2.9
187,52,1.5
187,559,2.3
188,280,1.1
188,68,2.7
188,381,4.2
188,631,1.6
188,997,3.1
188,599,5.0
188,828,3.4
188,284,1.1
188,194,4.3
188,923,2.3
188,96,4.8
188,863,4.4
188,818,1.3
188,239,4.9
188,921,2.9
188,478,4.3
188,168,2.2
188,852,3.2
188,742,2.3
188,277,1.3
188,57,2.5
188,48,1.2
188,924,4.3
188,82,2.8
188,215,1.1
189,755,3.5
189,218,2.2
189,521,4.3
189,739,3.7
189,489,4.5
189,240,2.0
189,154,3.6
189,48,1.2
189,201,2.7
189,863,3.7
189,785,2.5
189,883,1.1
189,10,2.7
189,421,3.2
189,698,1.1
189,321,2.9
189,379,1.8
189,812,1.6
189,394,3.1
189,564,1.3
189,623,4.1
190,801,3.3
190,901,4.4
190,656,4.4
190,799,3.4
190,39,3.2
190,736,1.4
190,271,2.7
190,86,1.9
190,503,4.5
190,515,2.1
190,434,1.9
190,299,2.8
190,603,4.9
191,953,4.9
191,883,3.5
191,491,3.2
191,696,3.1
191,380,2.7
191,720,2.2
191,204,4.7
191,406,1.8
191,315,1.2
191,24,3.6
191,901,2.0
191,415,3.2
191,190,5.0
191,904,2.1
191,648,3.4
191,249,3.5
191,327,4.7
191,275,2.0
191,558,4.9
191,46,4.3
191,567,2.6
191,71,1.8
191,597,2.0
191,532,2.3
191,302,1.2
191,112,3.4
191,641,1.2
191,60,2.9
191,926,1.9
191,811,3.3
192,987,4.0
192,675,3.3
192,859,1.1
192,323,1.4
192,258,1.1
192,397,4.2
192,537,1.8
192,57,2.4
192,980,4.3
192,103,3.6
192,293,2.0
192,118,3.3
192,513,2.9
192,878,3.2
192,976,2.6
192,891,2.0
192,98,4.3
192,67,1.6
192,486,4.8
192,632,3.9
192,782,2.7
192,959,4.9
192,748,4.6
192,999,3.3
192,907,3.8
192,17,3.9
192,146,3.5
192,714,1.3
192,956,4.6
192,994,4.6
193,707,1.1
193,156,3.7
193,470,4.3
193,953,3.6
193,566,3.1
193,493,4.1
193,681,3.3
193,38,3.5
193,579,2.2
193,783,4.1
193,130,3.7
193,418,2.2
193,786,4.9
193,890,2.2
193,482,4.7
193,377,2.9
193,920,1.9
193,703,4.5
193,839,1.7
193,194,1.8
193,345,1.9
193,765,4.0
193,542,1.5
193,592,4.8
193,204,2.9
193,200,2.7
193,513,4.4
194,325,2.2
194,973,2.1
194,124,4.2
194,101,3.6
194,16,4.5
194,181,3.9
194,133,2.3
194,294,1.7
194,91,3.0
194,852,4.8
194,182,4.3
194,844,2.5
194,742,3.8
194,552,1.9
194,632,1.4
194,113,3.5
194,138,1.8
194,845,1.8
194,918,1.9
194,785,3.7
194,305,2.8
194,677,1.5
194,550,3.9
194,39,3.7
194,516,3.2
194,353,3.4
195,129,2.0
195,759,2.0
195,838,1.8
195,796,2.1
195,599,1.3
195,181,3.2
195,112,1.4
195,701,4.4
195,822,3.3
195,77,2.3
195,859,3.3
195,27,1.9
195,287,2.3
195,313,1.3
195,438,1.7
195,312,3.2
195,984,1.6
195,724,4.1
195,643,2.6
195,792,2.1
195,415,2.2
195,410,4.3
195,440,1.9
195,514,4.9
195,462,3.9
195,588,1.9
195,907,3.5
195,541,4.0
195,816,2.0
196,954,2.7
196,714,3.9
196,107,2.0
196,370,1.8
196,406,4.7
196,362,2.0
196,798,1.7
196,675,3.8
196,185,2.4
196,194,1.8
196,770,1.3
196,826,4.6
196,839,4.1
196,537,3.2
196,635,4.8
196,378,1.5
196,142,1.9
196,610,3.8
196,636,3.3
196,503,1.2
197,644,4.5
197,191,2.1
197,944,4.2
197,706,2.9
197,500,3.6
197,512,5.0
197,434,1.8
197,935,1.8
197,862,4.1
197,288,4.8
198,230,2.7
198,202,4.2
198,119,4.3
198,782,4.4
198,234,4.7
198,3,4.4
198,408,3.4
198,610,3.9
198,381,3.6
198,292,4.1
198,715,1.5
198,721,2.5
198,143,4.2
198,396,2.5
198,574,1.5
198,435,4.0
198,669,1.5
198,918,1.3
198,10,1.5
198,747,4.0
198,540,4.6
198,240,4.3
198,468,2.5
198,967,2.6
198,558,1.8
198,88,4.5
198,188,4.4
198,913,1.8
199,464,4.1
199,610,4.3
199,1,2.8
199,598,1.0
199,42,1.6
199,723,4.3
199,402,3.1
199,212,3.4
199,589,3.3
199,887,3.3
199,793,4.7
199,426,3.0
199,82,3.1
199,240,4.4
199,88,4.9
199,150,2.3
199,95,1.2
199,62,3.5
199,867,2.4
199,391,1.3
200,969,3.4
200,360,2.7
200,156,4.1
200,6,4.1
200,390,3.3
200,908,4.5
200,138,4.4
200,977,1.1
200,992,2.3
200,892,3.2
200,939,4.4
200,18,3.8
200,295,1.7
200,951,4.9
200,317,3.5
200,325,1.5
200,854,2.6
200,899,2.3
200,281,4.6
200,750,1.5
200,345,1.4
200,215,2.6
200,353,3.8
200,640,3.6
200,804,2.1
