,user_id,event_id,rating
0,1,119,3.7
1,1,802,1.6
4,1,495,2.5
5,1,442,2.2
7,1,980,1.5
9,1,724,4.1
10,1,704,2.5
11,1,384,1.3
12,1,77,2.8
18,2,722,1.7
22,2,293,4.1
23,2,25,3.7
24,2,718,1.4
29,3,297,3.6
30,3,704,4.3
31,3,996,2.9
32,3,17,2.5
33,3,429,2.2
34,3,805,2.4
35,3,967,2.2
36,3,25,2.6
37,3,454,3.7
38,3,985,1.7
40,3,377,1.8
43,3,284,2.5
44,3,344,4.1
45,3,403,4.7
47,4,877,3.3
48,4,524,4.1
51,4,536,3.9
52,4,804,3.8
53,4,12,3.0
55,4,255,1.8
56,4,123,1.3
59,4,297,3.2
61,4,543,4.3
62,4,473,2.9
64,5,980,2.9
66,5,967,4.7
69,5,990,2.1
70,5,629,5.0
75,5,534,1.6
76,5,238,2.2
77,5,255,2.0
78,5,269,4.1
79,5,46,1.8
80,5,38,4.6
81,5,513,2.0
82,5,165,4.8
83,5,22,1.2
84,5,892,1.7
85,5,905,2.9
88,5,781,4.6
89,5,505,4.4
90,5,294,2.4
92,6,728,4.8
93,6,124,1.6
95,6,540,2.3
96,6,797,2.2
97,6,782,1.3
99,6,298,4.0
101,6,965,1.9
102,6,382,1.3
104,6,990,2.2
105,6,56,4.6
108,6,282,2.6
112,6,775,1.8
114,6,738,2.2
115,7,208,3.0
119,7,516,1.1
120,7,870,4.5
122,7,92,2.5
125,7,936,1.6
127,7,704,2.8
128,7,876,4.8
130,7,706,1.5
132,7,489,1.9
133,7,926,4.9
134,7,443,1.0
135,7,607,4.3
136,7,235,2.3
137,7,18,4.5
138,7,425,3.0
139,7,917,5.0
140,7,871,4.3
142,7,184,4.2
143,7,21,3.9
145,8,501,2.9
147,8,940,1.7
148,8,652,2.4
149,8,399,3.9
150,8,665,1.1
152,8,868,4.1
153,8,730,4.3
155,8,85,1.6
159,9,915,1.3
161,9,300,4.1
164,9,729,4.7
165,9,529,4.3
167,9,275,1.4
168,9,877,4.2
171,10,489,1.0
172,10,453,1.3
173,10,153,1.0
174,10,793,3.4
175,10,999,4.2
176,10,133,2.7
178,10,687,4.8
181,10,173,3.1
182,10,907,4.0
184,11,174,2.3
188,11,338,4.2
190,11,720,2.1
191,11,274,3.0
192,11,426,3.2
193,11,507,3.3
194,11,752,4.1
197,11,793,2.7
200,12,449,3.9
201,12,704,4.3
202,12,353,1.2
204,12,947,3.6
208,12,580,1.7
210,13,799,4.6
211,13,977,4.6
212,13,146,3.7
213,13,883,2.9
214,13,787,2.6
218,13,137,1.6
220,13,337,2.4
221,13,738,1.3
222,13,935,3.9
223,13,770,1.6
224,13,818,1.3
225,14,322,2.6
226,14,947,4.5
230,14,780,2.4
232,14,915,4.6
233,14,103,3.4
235,14,935,1.3
240,14,442,1.8
241,14,816,1.4
242,14,941,3.9
243,14,165,3.8
245,14,473,1.8
246,14,578,4.9
248,14,778,1.1
250,15,444,2.5
253,15,732,2.2
254,15,413,3.6
255,15,95,4.9
256,15,346,3.6
260,15,291,2.0
261,15,899,3.3
264,15,454,1.9
265,15,244,4.3
266,15,422,4.1
267,15,700,4.5
268,15,675,4.6
269,15,542,3.6
273,16,96,2.3
275,16,39,1.9
276,16,652,1.5
277,16,923,1.1
278,16,657,4.7
280,16,292,2.6
281,16,422,4.2
282,16,724,4.8
285,17,832,2.8
286,17,567,1.6
287,17,332,4.6
288,17,226,3.8
289,17,868,3.2
294,17,647,3.4
295,17,175,3.3
297,18,384,3.0
298,18,1,3.9
300,18,366,1.7
301,18,844,4.4
303,18,121,2.8
307,18,417,3.3
308,18,529,2.5
309,18,207,1.0
313,18,959,1.9
315,19,163,4.2
318,19,376,3.9
319,19,959,1.3
321,19,493,2.2
322,19,847,1.3
324,19,319,1.3
325,19,720,3.5
328,19,910,2.8
329,19,73,2.4
331,20,334,2.5
333,20,448,4.0
335,20,224,4.3
336,20,980,3.3
337,20,405,3.1
339,20,704,3.8
342,20,958,4.8
347,21,167,4.9
349,21,163,1.7
351,21,181,4.7
352,21,687,4.4
354,21,497,1.3
356,21,503,3.6
357,21,403,4.7
359,21,737,4.1
360,21,658,1.8
361,22,335,3.0
363,22,268,2.5
364,22,178,1.7
367,22,83,4.9
368,22,425,2.8
369,22,578,5.0
370,22,478,3.5
372,22,767,2.8
373,22,505,3.8
374,22,312,1.4
375,22,733,2.6
377,22,426,4.3
379,22,172,1.9
380,22,297,2.2
382,23,250,1.5
383,23,153,1.0
384,23,909,1.2
385,23,240,3.8
388,23,553,4.6
389,23,550,2.1
391,23,704,2.3
392,23,653,1.7
395,23,272,4.7
398,23,513,1.1
400,23,417,1.5
401,24,637,2.3
402,24,921,4.9
403,24,775,3.7
404,24,987,4.3
406,24,441,2.0
407,24,350,4.9
409,24,468,4.7
410,24,870,1.7
411,24,792,2.8
413,24,346,4.5
415,24,233,2.6
416,24,853,4.0
420,25,828,4.3
421,25,711,3.9
425,25,369,4.9
426,25,50,4.3
427,25,350,2.5
428,25,21,4.7
429,25,816,3.7
430,25,17,4.2
431,25,329,2.4
433,25,728,3.9
434,25,58,1.2
437,25,448,3.6
440,25,824,2.3
442,25,478,1.7
444,25,774,3.6
445,25,694,4.4
446,26,255,2.6
448,26,25,1.8
451,26,787,4.6
453,26,111,1.6
455,26,73,4.2
456,27,732,5.0
461,27,819,4.3
463,27,822,1.9
465,27,767,2.0
467,28,616,3.5
468,28,211,2.7
469,28,44,1.8
470,28,528,1.8
471,28,457,3.5
472,28,567,3.3
473,28,157,1.0
474,28,337,3.6
476,28,887,2.4
478,28,937,2.0
480,28,50,1.4
481,29,849,1.4
484,29,381,1.5
485,29,563,1.4
487,29,879,3.8
489,29,844,2.3
490,29,501,1.1
491,30,239,1.7
493,30,864,2.2
495,30,258,1.6
496,30,114,2.3
497,30,56,4.4
500,30,262,2.1
502,30,21,1.3
504,30,116,1.3
505,30,423,4.2
506,30,80,4.9
507,30,737,3.7
510,31,48,4.0
512,31,574,2.6
513,31,111,2.7
514,31,865,2.1
516,31,193,3.7
517,31,595,2.1
518,31,527,3.5
521,31,180,3.6
523,31,260,1.9
524,31,965,4.7
526,31,446,3.8
527,31,310,3.2
528,31,828,1.9
530,31,996,3.8
532,31,737,2.6
533,31,98,4.6
534,31,681,2.7
535,31,586,4.3
540,32,135,5.0
541,32,619,4.9
548,32,591,2.1
551,32,12,3.1
552,32,90,1.5
553,32,497,3.5
554,32,125,4.9
555,32,543,4.3
557,32,603,4.2
559,33,812,2.2
562,33,422,4.8
564,33,148,3.0
565,33,820,3.2
566,33,902,1.8
569,33,727,3.3
570,33,225,2.8
572,34,364,2.4
573,34,853,1.2
574,34,879,2.3
575,34,498,3.6
576,34,515,2.2
577,34,737,2.5
579,34,552,3.3
582,34,12,4.0
584,34,846,2.5
585,34,211,4.7
586,35,79,2.0
588,35,732,4.6
589,35,916,4.5
590,35,535,1.9
591,35,63,1.0
592,35,220,2.5
595,35,758,3.0
599,36,241,4.4
601,36,381,2.3
602,36,862,4.6
603,36,171,1.6
604,36,404,4.4
606,36,625,3.9
607,36,97,4.5
609,36,816,3.3
611,36,425,1.3
612,36,665,4.4
613,36,63,4.9
614,36,25,2.5
616,36,343,4.1
617,36,822,2.5
618,37,52,1.3
621,37,117,2.2
622,37,840,4.7
624,37,146,3.2
625,37,609,1.1
628,37,25,4.6
631,37,426,1.8
632,37,401,3.1
633,38,519,1.9
634,38,60,2.4
636,38,408,3.8
641,38,26,3.9
642,38,917,1.3
643,38,505,1.5
645,38,840,3.8
646,38,441,1.9
647,38,21,2.0
648,38,193,4.2
651,38,384,4.2
653,38,727,2.1
654,38,72,3.8
662,39,923,4.2
663,39,827,2.4
668,39,407,1.4
669,39,902,1.7
670,39,784,3.1
672,39,519,4.6
673,39,711,4.7
675,39,55,3.0
678,39,629,3.7
679,39,193,2.2
680,39,123,2.7
682,39,101,2.2
683,39,698,2.2
684,39,466,2.6
686,39,608,4.5
687,39,434,3.2
690,40,126,3.6
691,40,767,2.0
695,40,395,2.7
696,40,493,3.8
697,40,758,2.1
698,40,453,2.1
699,40,106,4.9
701,40,856,2.1
703,40,932,1.2
704,40,90,1.1
705,40,472,2.6
707,40,554,2.9
708,40,545,2.4
713,40,117,2.9
714,40,917,1.4
715,41,915,1.8
716,41,419,1.1
718,41,44,1.1
721,41,225,4.1
722,41,583,1.9
724,41,816,3.1
727,42,364,4.8
728,42,935,2.6
730,42,38,4.8
731,42,123,2.4
733,42,407,3.2
738,42,371,3.4
741,43,838,2.5
742,43,2,4.4
743,43,593,4.4
747,43,603,3.4
748,43,995,4.0
749,43,941,3.5
751,43,310,1.1
753,43,764,1.6
755,43,766,1.6
761,44,998,4.0
762,44,131,3.6
765,44,18,1.1
767,44,311,4.6
769,44,752,1.8
772,44,793,2.1
774,44,710,2.5
775,44,190,2.6
776,44,389,2.5
779,44,167,1.1
781,44,146,5.0
782,44,530,2.5
783,44,690,2.0
784,44,399,2.2
788,45,141,2.6
791,45,503,1.8
792,45,369,3.2
794,45,390,1.6
795,45,15,3.5
796,45,9,3.1
798,45,287,1.3
799,45,44,1.9
802,46,53,3.1
804,46,819,4.5
805,46,780,3.0
806,46,752,5.0
808,46,443,4.4
810,46,479,4.0
811,46,220,4.6
812,46,576,2.5
814,46,475,4.3
817,46,178,4.0
818,47,153,3.0
819,47,369,4.6
820,47,587,4.9
821,47,422,3.5
827,47,764,3.8
828,47,376,4.6
829,47,448,4.8
830,47,820,3.5
831,47,395,4.5
833,47,883,1.7
836,47,867,1.2
837,47,609,2.1
838,47,879,1.1
840,47,580,4.6
841,47,248,3.9
842,47,805,3.9
844,48,464,1.6
847,48,341,4.1
848,48,272,2.4
853,48,985,1.3
855,48,732,1.9
856,48,546,1.1
858,48,290,2.4
859,48,706,2.2
860,48,856,1.7
867,49,711,3.2
868,49,583,2.9
870,49,758,3.6
871,49,349,2.1
872,49,916,2.9
874,49,519,4.3
875,49,777,2.1
876,49,919,3.9
879,49,884,3.8
880,50,117,3.8
882,50,674,2.3
884,50,115,3.1
888,50,574,3.7
889,50,298,4.2
891,50,859,4.9
892,50,728,3.0
893,50,167,3.3
894,50,748,1.7
895,51,724,1.4
898,51,667,1.8
899,51,448,1.4
900,51,441,4.1
902,51,523,3.2
904,51,534,4.9
905,51,132,4.8
906,51,501,2.9
907,51,540,1.9
908,51,157,3.4
910,51,834,3.0
911,51,554,4.7
913,51,961,4.3
916,51,713,2.3
918,51,879,1.8
919,52,975,2.8
920,52,211,2.4
921,52,267,1.9
922,52,524,4.9
923,52,71,3.3
924,52,752,5.0
925,52,407,1.4
926,52,148,3.9
927,52,443,2.9
930,52,56,2.4
932,52,239,3.3
933,52,483,4.5
936,52,44,2.4
937,52,81,2.3
943,52,381,1.3
944,52,412,2.0
945,52,115,3.6
951,53,146,2.5
952,53,926,3.9
953,53,919,2.1
954,53,234,3.8
955,53,65,4.4
956,53,95,2.6
960,53,871,3.3
962,53,529,1.4
963,53,808,3.0
964,53,395,3.2
965,53,86,3.3
970,53,94,2.4
972,53,312,3.6
973,53,720,4.7
974,53,44,3.2
975,53,38,3.9
976,54,882,3.6
977,54,838,4.6
978,54,989,4.7
979,54,924,2.0
980,54,927,4.8
986,54,513,3.1
987,54,748,4.1
990,55,965,3.8
991,55,356,3.7
992,55,369,3.4
993,55,405,4.7
994,55,543,2.6
996,55,724,2.0
997,55,886,3.5
999,55,337,1.2
1000,55,619,4.1
1003,56,655,2.8
1009,56,137,3.7
1011,56,119,4.3
1012,56,378,4.3
1015,56,589,4.7
1019,56,303,3.4
1022,56,143,4.3
1023,56,466,1.4
1024,56,796,2.8
1025,56,658,2.0
1026,56,959,1.6
1029,57,939,2.3
1031,57,241,4.2
1035,57,689,2.4
1036,57,257,1.2
1037,57,724,4.4
1039,57,400,3.0
1041,57,584,2.3
1042,58,865,3.4
1043,58,840,1.7
1045,58,822,2.0
1047,58,841,1.7
1048,58,441,3.7
1049,58,272,3.0
1050,58,59,2.6
1054,58,676,3.2
1055,58,643,4.9
1057,58,437,4.4
1060,58,908,1.3
1062,58,224,4.0
1064,58,166,1.4
1065,59,241,4.4
1067,59,525,4.1
1070,59,580,3.8
1071,59,86,4.8
1072,59,94,1.5
1074,59,804,3.3
1075,59,199,4.9
1076,59,498,4.3
1077,59,169,4.3
1078,59,188,4.5
1079,59,117,4.5
1082,59,250,1.6
1083,59,682,2.4
1084,59,969,2.8
1086,59,860,4.9
1087,59,92,4.4
1089,59,382,3.8
1090,59,493,4.6
1091,59,192,4.5
1092,59,148,1.3
1095,60,667,2.4
1097,60,505,1.1
1098,60,299,2.5
1101,60,267,4.1
1103,60,763,2.9
1106,60,570,4.2
1107,60,261,2.3
1109,60,844,2.0
1110,60,681,4.3
1111,60,802,1.7
1115,61,493,3.5
1116,61,909,3.4
1117,61,450,5.0
1120,61,876,1.7
1121,61,44,3.9
1123,61,475,4.6
1124,61,67,2.3
1125,61,157,4.6
1128,61,193,3.4
1130,61,432,3.2
1131,61,495,1.2
1132,61,320,1.8
1135,61,207,1.2
1136,62,275,2.6
1137,62,836,1.4
1138,62,412,1.9
1139,62,515,1.9
1142,62,387,3.6
1143,62,915,2.7
1144,62,940,4.7
1145,62,733,1.8
1146,62,527,3.2
1147,62,631,3.7
1149,62,395,1.5
1151,62,899,4.5
1152,62,90,5.0
1157,63,416,2.3
1159,63,444,4.4
1160,63,864,1.3
1161,63,921,2.9
1164,63,56,2.2
1165,63,596,3.4
1167,63,70,3.0
1168,63,443,3.4
1170,63,68,1.9
1171,63,591,2.7
1173,64,466,1.2
1174,64,702,1.9
1177,64,545,3.2
1179,64,298,2.0
1180,64,840,2.8
1182,64,963,2.7
1183,64,378,5.0
1184,64,72,4.8
1185,64,768,1.7
1186,64,754,3.3
1187,64,384,2.1
1188,64,917,3.5
1192,65,371,1.2
1193,65,555,2.8
1194,65,157,1.7
1195,65,51,1.8
1197,65,401,4.9
1199,65,895,2.8
1200,65,357,1.4
1205,65,681,3.1
1206,66,66,2.1
1208,66,341,4.9
1209,66,91,4.0
1210,66,934,1.3
1211,66,593,4.1
1212,66,103,2.2
1213,66,668,4.9
1214,66,584,1.9
1215,66,376,2.2
1218,66,824,4.1
1219,66,958,4.3
1220,66,116,3.7
1222,66,178,3.7
1223,66,160,2.8
1227,67,991,4.5
1228,67,2,1.6
1229,67,254,1.3
1230,67,820,3.8
1236,67,311,1.1
1237,67,443,4.6
1238,67,241,3.8
1241,68,993,4.1
1242,68,574,2.8
1243,68,567,2.6
1244,68,173,1.1
1245,68,471,3.6
1246,68,13,1.2
1248,68,306,1.7
1250,68,103,4.4
1251,68,59,4.8
1252,68,300,3.2
1253,68,523,1.9
1254,68,432,2.0
1255,68,892,1.5
1256,68,727,1.6
1257,68,902,4.3
1258,68,15,1.9
1259,69,999,1.2
1261,69,788,4.8
1262,69,241,3.3
1263,69,735,1.5
1265,69,409,1.5
1267,69,467,3.7
1268,69,318,2.0
1269,70,290,3.2
1270,70,455,3.6
1271,70,191,3.6
1272,70,516,3.3
1273,70,69,4.9
1275,70,15,1.2
1276,70,346,4.3
1277,70,553,1.2
1279,70,201,2.5
1280,70,76,2.3
1282,71,207,2.0
1283,71,276,3.3
1284,71,309,5.0
1285,71,298,2.0
1286,71,442,4.6
1288,71,346,1.0
1290,71,427,1.9
1291,71,681,3.6
1292,71,221,2.3
1297,71,659,3.8
1298,71,376,2.1
1299,71,349,4.4
1300,72,393,2.6
1301,72,148,4.1
1302,72,934,1.8
1303,72,356,3.7
1304,72,227,1.6
1305,72,536,4.1
1306,72,642,3.0
1307,72,501,4.8
1308,72,628,3.5
1310,72,335,2.2
1312,72,710,4.5
1316,72,405,1.9
1317,73,169,3.9
1319,73,914,1.2
1320,73,805,2.7
1321,73,757,3.5
1323,73,676,1.4
1324,73,686,4.8
1325,73,935,4.1
1326,73,544,2.6
1327,73,644,2.8
1328,74,924,3.9
1330,74,141,3.9
1333,74,694,1.0
1335,74,230,1.7
1336,74,67,1.5
1339,74,990,3.8
1340,74,377,1.4
1342,74,131,4.2
1345,74,181,4.2
1346,74,844,1.4
1347,74,412,1.3
1348,74,312,2.6
1349,74,985,4.7
1351,74,887,4.7
1352,74,304,1.1
1354,74,52,3.3
1355,74,681,3.4
1356,74,961,2.2
1358,75,504,3.7
1359,75,778,3.3
1360,75,278,2.7
1362,75,274,2.1
1363,75,956,1.9
1364,75,16,4.1
1366,75,431,2.0
1368,75,425,4.6
1371,75,270,1.3
1372,75,111,3.8
1373,75,792,2.5
1375,75,508,1.6
1376,75,303,4.8
1382,76,26,4.6
1384,76,350,4.7
1386,76,422,3.5
1387,76,543,2.8
1389,77,319,4.7
1392,77,503,2.8
1393,77,287,5.0
1394,77,205,3.1
1395,77,263,1.2
1396,77,421,2.0
1398,77,180,4.6
1401,77,81,3.3
1402,77,757,2.9
1405,78,199,3.3
1408,78,492,4.4
1411,78,235,4.6
1413,78,939,3.4
1415,78,126,2.4
1417,78,797,1.7
1418,78,25,1.1
1419,78,483,1.6
1420,78,628,1.2
1422,79,92,1.1
1423,79,336,1.2
1424,79,267,4.4
1425,79,81,2.2
1428,79,753,3.4
1430,79,785,1.5
1433,79,865,3.3
1435,79,697,1.8
1437,79,58,4.1
1442,80,782,2.0
1443,80,649,3.7
1444,80,444,1.2
1446,80,660,3.7
1448,80,492,3.6
1449,80,24,1.0
1450,80,959,3.2
1452,80,598,2.2
1453,80,175,4.6
1455,80,137,4.1
1456,80,914,4.4
1457,80,487,2.9
1458,80,106,3.1
1460,80,638,1.3
1462,80,757,3.1
1463,80,126,3.8
1466,81,846,2.9
1467,81,607,1.2
1468,81,828,2.9
1470,81,339,3.1
1471,81,767,4.3
1472,81,704,3.5
1473,81,183,4.9
1474,81,171,3.3
1476,81,940,2.3
1477,81,777,4.7
1480,81,165,1.1
1482,82,141,3.7
1483,82,39,2.0
1485,82,774,2.7
1486,82,174,3.1
1487,82,543,1.7
1488,82,773,2.8
1490,82,18,1.7
1491,82,357,3.6
1492,82,493,1.5
1495,82,209,3.7
1497,83,940,1.7
1498,83,584,3.9
1500,83,22,2.0
1502,83,802,3.7
1503,83,542,2.7
1504,83,762,4.5
1507,83,473,4.7
1510,83,135,1.9
1511,83,437,4.8
1513,83,678,2.9
1515,83,676,2.4
1517,83,208,1.6
1518,83,959,4.7
1519,83,767,2.5
1520,83,341,4.3
1521,83,844,1.3
1522,83,589,1.3
1525,84,320,3.8
1526,84,530,2.9
1527,84,932,4.3
1529,84,300,1.3
1530,84,85,3.3
1531,84,38,3.3
1532,84,153,4.8
1533,84,818,2.9
1534,84,639,3.5
1535,85,956,3.5
1539,85,454,3.2
1540,85,356,1.6
1541,85,977,2.2
1542,85,623,3.1
1543,85,900,4.3
1544,85,274,3.8
1548,85,417,4.9
1550,85,685,2.4
1553,85,862,3.3
1554,85,180,2.3
1556,86,770,1.1
1557,86,207,3.1
1559,86,870,1.1
1560,86,729,2.9
1561,86,804,1.4
1562,86,787,2.0
1563,86,539,1.8
1564,86,989,1.1
1565,86,367,4.4
1567,86,239,2.3
1569,86,254,3.5
1570,86,322,4.2
1571,86,698,4.5
1575,86,259,3.6
1576,86,304,2.6
1580,86,738,3.2
1583,87,546,2.3
1584,87,554,2.1
1585,87,548,1.0
1587,87,318,1.2
1588,87,250,1.2
1589,87,643,2.6
1593,87,65,3.0
1596,87,49,4.3
1597,87,668,3.8
1598,87,114,2.3
1599,87,221,2.3
1600,87,224,3.2
1601,87,365,4.7
1604,87,38,3.3
1605,87,965,2.3
1606,87,169,5.0
1607,87,596,4.1
1608,87,893,2.9
1609,88,227,3.0
1610,88,775,1.8
1611,88,205,1.2
1613,88,786,3.0
1614,88,674,4.1
1617,88,690,3.9
1619,88,580,1.9
1624,88,820,2.7
1626,89,119,2.4
1630,89,272,3.5
1631,89,319,3.1
1634,89,781,3.2
1635,89,80,3.7
1636,89,707,1.6
1637,89,445,1.1
1638,89,479,3.9
1639,89,941,3.7
1642,89,995,4.5
1643,89,842,1.7
1645,89,278,2.7
1646,90,893,3.3
1647,90,109,2.8
1648,90,931,3.0
1649,90,925,2.8
1650,90,401,1.8
1651,90,828,3.9
1655,90,505,4.5
1657,90,389,2.1
1658,90,98,2.0
1660,90,497,3.8
1661,90,278,2.4
1662,91,385,4.0
1663,91,53,4.0
1665,91,507,2.3
1667,91,457,4.8
1670,91,379,1.9
1671,91,720,4.8
1673,91,230,3.2
1674,91,244,1.2
1675,91,582,4.7
1676,91,404,1.7
1677,91,877,2.7
1679,91,479,1.4
1683,92,878,4.3
1684,92,606,3.2
1685,92,735,3.5
1686,92,799,2.4
1687,92,17,1.4
1688,92,423,1.7
1691,92,297,1.7
1692,92,173,4.9
1693,92,425,4.1
1694,92,52,4.6
1696,93,311,4.1
1701,93,758,2.1
1702,93,367,4.0
1703,93,293,3.7
1705,93,181,2.3
1706,93,874,3.9
1707,93,549,4.4
1708,93,564,4.3
1709,94,401,2.9
1710,94,619,2.8
1711,94,455,2.3
1714,94,784,4.2
1715,94,822,2.8
1717,94,234,4.1
1722,94,341,4.2
1723,94,768,2.0
1724,94,350,3.4
1725,94,682,3.8
1726,94,384,1.3
1727,94,717,4.3
1730,94,69,4.6
1731,94,563,4.0
1732,94,46,1.9
1733,94,124,2.3
1735,94,690,3.5
1736,94,285,4.2
1737,94,293,1.6
1740,95,804,3.1
1743,95,258,3.8
1744,95,484,2.0
1745,95,550,1.8
1746,95,259,3.5
1747,95,842,3.8
1748,95,36,3.3
1751,95,205,2.0
1753,95,279,4.0
1756,95,332,4.8
1757,95,344,2.7
1758,95,529,3.2
1759,95,899,4.1
1760,95,936,2.3
1761,95,593,1.0
1763,95,996,2.8
1765,96,240,3.5
1766,96,665,2.1
1768,96,252,4.3
1770,96,258,4.7
1772,96,628,1.6
1773,96,836,1.1
1774,96,475,1.8
1778,96,409,2.5
1779,96,441,3.9
1781,96,766,2.9
1784,96,805,2.2
1785,96,29,3.5
1788,97,471,3.7
1792,97,416,3.6
1793,97,770,4.1
1794,97,192,4.4
1795,97,76,4.0
1796,97,743,3.8
1798,97,67,4.8
1799,97,158,4.8
1800,97,637,1.2
1801,97,503,4.2
1802,97,804,1.5
1803,97,344,2.3
1805,97,377,1.4
1806,97,844,1.1
1809,97,235,2.3
1810,97,175,2.3
1811,97,465,1.9
1814,97,931,4.9
1815,98,300,4.7
1819,98,357,2.5
1820,98,594,5.0
1821,98,83,4.9
1822,98,707,3.3
1824,98,117,2.1
1827,98,240,2.0
1829,98,441,4.2
1831,99,230,1.4
1832,99,914,4.1
1833,99,457,1.7
1835,99,98,1.3
1837,99,17,1.0
1838,99,700,2.0
1839,99,841,3.7
1840,99,780,1.3
1841,99,728,3.9
1842,99,527,4.4
1843,99,442,3.6
1845,99,441,1.0
1847,99,534,3.8
1849,99,68,1.6
1852,100,907,4.7
1853,100,587,2.5
1854,100,158,1.6
1856,100,124,4.5
1857,100,56,1.2
1858,100,114,2.3
1859,100,279,2.4
1861,100,965,4.0
1862,100,213,2.4
1865,100,879,2.5
1866,100,868,1.0
1867,100,538,2.8
1871,100,9,4.2
1878,101,685,1.7
1879,101,812,1.7
1881,101,22,3.8
1882,101,239,4.3
1883,101,335,1.8
1885,101,706,1.1
1887,101,720,2.6
1888,101,271,2.3
1892,102,766,4.9
1893,102,872,4.6
1895,102,807,4.7
1896,102,404,1.8
1897,102,941,1.4
1898,102,283,2.2
1901,102,387,4.1
1904,102,757,1.7
1905,102,882,3.5
1906,102,421,1.3
1907,102,291,2.8
1908,102,853,3.0
1910,102,92,4.3
1913,103,902,4.0
1914,103,900,3.9
1917,103,146,1.7
1918,103,364,1.6
1920,103,66,2.3
1921,103,362,1.1
1922,103,846,2.1
1925,103,85,4.0
1926,103,535,4.9
1927,103,892,2.6
1931,103,1,2.5
1933,103,306,4.3
1934,103,363,3.7
1938,104,697,1.2
1943,104,658,1.2
1944,104,444,1.2
1946,104,309,4.8
1947,104,332,4.9
1948,104,717,2.0
1953,104,667,1.5
1954,104,284,4.5
1955,104,410,2.1
1957,105,724,3.7
1958,105,15,2.0
1963,105,498,4.6
1965,105,262,4.4
1966,105,691,3.6
1968,105,431,2.8
1969,105,738,1.6
1970,105,882,4.7
1971,105,548,3.6
1973,106,478,1.7
1975,106,468,4.8
1978,106,471,2.4
1979,106,425,4.1
1980,106,877,1.2
1986,106,332,3.4
1988,106,940,3.3
1989,106,523,1.4
1990,106,38,1.9
1992,106,9,4.1
1993,106,935,1.1
1994,106,360,4.6
1997,106,493,4.3
2003,107,916,2.7
2004,107,508,4.3
2005,107,300,5.0
2007,107,653,3.0
2009,108,543,4.3
2010,108,12,1.4
2011,108,263,3.1
2014,108,465,3.1
2015,108,125,4.7
2016,108,503,4.7
2017,108,792,1.6
2018,108,443,1.4
2019,109,710,1.0
2021,109,285,3.4
2022,109,583,3.0
2024,109,799,2.3
2025,109,119,2.9
2027,109,250,3.6
2029,109,980,4.6
2030,109,220,4.1
2032,109,657,5.0
2033,109,527,4.3
2036,109,804,2.3
2037,109,278,2.2
2038,109,724,3.6
2039,109,996,3.2
2040,109,67,3.8
2043,109,421,3.2
2044,109,639,2.7
2045,110,860,2.7
2052,110,505,1.3
2053,110,444,1.7
2056,110,486,1.6
2058,110,970,3.8
2060,110,293,4.4
2061,110,446,5.0
2062,110,416,4.6
2065,110,50,1.1
2067,110,820,4.7
2068,110,230,3.8
2070,110,270,1.4
2071,110,946,1.2
2072,111,867,2.6
2073,111,937,2.1
2074,111,290,3.7
2076,111,283,4.1
2078,111,870,2.0
2079,111,959,2.6
2081,111,865,1.3
2082,112,297,3.4
2085,112,422,1.4
2089,112,859,3.6
2091,112,363,1.4
2093,112,538,2.6
2094,112,174,3.2
2095,112,344,5.0
2097,112,190,1.4
2100,113,724,3.4
2101,113,376,3.1
2102,113,867,2.2
2104,113,455,4.3
2106,113,298,4.3
2107,113,80,1.8
2108,113,649,2.4
2109,113,240,4.0
2110,113,907,1.2
2113,114,905,3.1
2115,114,289,2.4
2116,114,341,4.2
2117,114,278,3.6
2119,114,805,3.6
2122,114,63,4.6
2127,114,352,1.9
2130,114,357,4.7
2132,114,883,2.6
2135,114,934,2.1
2137,115,700,2.7
2140,115,754,2.9
2142,115,126,4.7
2144,115,360,3.6
2145,115,446,3.0
2147,115,161,5.0
2148,115,450,4.1
2150,115,449,4.5
2151,115,393,4.7
2152,115,720,1.0
2153,115,416,4.0
2155,115,633,4.3
2160,115,961,1.8
2161,115,123,2.1
2163,115,812,2.2
2164,115,574,4.1
2165,115,65,2.5
2166,115,727,1.7
2167,116,299,4.2
2173,116,344,1.1
2174,116,675,1.3
2175,116,766,2.2
2176,116,346,3.2
2179,116,403,3.3
2180,116,934,4.3
2181,116,475,3.0
2184,116,38,2.2
2185,116,453,4.0
2186,116,977,2.0
2187,116,106,3.7
2188,117,336,2.6
2189,117,637,1.9
2190,117,49,4.6
2191,117,309,3.2
2192,117,332,4.9
2193,117,733,2.0
2194,117,516,1.5
2197,117,289,3.2
2198,117,343,3.4
2199,117,832,1.1
2200,117,299,4.8
2201,117,697,4.6
2202,117,652,2.3
2203,118,995,4.0
2204,118,580,2.5
2206,118,819,1.2
2207,118,498,2.3
2208,118,73,2.9
2211,118,463,3.1
2212,118,872,3.6
2213,118,487,3.9
2214,118,234,1.3
2215,119,727,4.4
2216,119,734,4.8
2219,119,81,2.1
2220,119,131,2.6
2223,119,713,2.6
2224,119,495,3.3
2225,119,103,4.4
2227,119,185,3.7
2229,119,248,3.0
2230,119,717,2.2
2233,119,448,4.2
2234,119,718,2.3
2236,120,883,1.0
2238,120,990,3.1
2240,120,659,3.8
2242,120,420,3.0
2244,120,629,2.5
2245,120,16,1.9
2247,120,737,4.3
2248,120,530,5.0
2249,120,455,1.1
2251,120,446,2.2
2253,120,770,2.7
2254,120,375,3.8
2260,120,379,4.8
2261,120,415,1.4
2262,120,641,1.6
2263,120,125,2.4
2266,121,86,3.6
2267,121,228,3.5
2271,121,378,2.3
2274,121,400,3.7
2276,121,642,4.2
2278,121,71,4.2
2280,122,553,1.3
2282,122,530,3.0
2286,122,346,3.0
2288,122,457,1.8
2293,122,410,4.7
2294,123,228,4.5
2295,123,322,3.9
2296,123,454,4.7
2300,123,350,1.4
2301,123,822,4.6
2303,123,220,5.0
2305,123,884,2.6
2309,123,587,2.6
2310,123,564,4.0
2311,123,793,2.1
2312,123,534,1.3
2315,123,660,2.1
2316,123,687,1.2
2319,123,259,1.6
2320,123,717,1.4
2321,124,399,3.9
2322,124,145,4.7
2323,124,720,2.7
2324,124,278,2.6
2325,124,963,2.1
2327,124,961,3.4
2330,124,336,3.9
2331,125,582,1.5
2332,125,379,5.0
2336,125,262,4.6
2337,125,123,2.0
2338,125,987,2.2
2339,125,685,1.1
2341,125,248,2.6
2343,125,30,3.7
2344,125,407,3.2
2347,125,514,1.7
2348,125,463,3.5
2350,125,369,3.6
2352,125,335,3.9
2353,126,181,3.1
2354,126,252,3.4
2355,126,130,1.7
2357,126,360,3.7
2359,126,103,1.5
2360,126,818,2.6
2363,126,576,3.6
2365,127,974,1.5
2366,127,886,3.8
2368,127,44,4.1
2369,127,758,3.4
2371,127,764,2.4
2378,127,225,2.3
2379,127,900,2.7
2382,127,639,2.2
2383,127,290,3.8
2385,127,508,4.6
2387,127,929,4.6
2388,127,862,1.8
2389,127,539,4.2
2392,128,334,4.7
2393,128,697,3.0
2394,128,180,3.2
2397,128,682,4.4
2399,128,652,4.4
2401,128,893,3.0
2402,128,287,1.2
2403,128,387,3.1
2404,128,927,4.9
2405,128,173,4.4
2407,128,442,3.8
2409,128,859,3.6
2410,128,804,4.4
2412,128,753,3.0
2413,128,455,1.4
2414,128,665,3.3
2416,128,39,3.5
2417,129,799,4.6
2418,129,879,2.4
2420,129,53,2.5
2422,129,941,1.3
2424,129,486,3.8
2427,129,980,3.0
2428,129,349,4.5
2429,129,289,1.1
2430,129,515,4.7
2431,129,847,3.0
2433,129,676,3.3
2434,129,718,2.2
2436,129,181,4.8
2437,129,724,2.6
2438,129,357,3.9
2439,129,533,2.2
2440,129,552,3.5
2441,129,766,2.9
2442,129,233,4.2
2443,129,609,4.9
2444,129,748,1.9
2445,129,995,2.7
2447,130,137,3.1
2450,130,738,3.4
2455,130,38,4.9
2456,130,549,2.3
2457,130,993,1.6
2459,130,304,4.8
2460,130,371,2.1
2461,130,808,4.0
2462,130,338,1.6
2463,130,91,4.1
2464,130,185,2.1
2466,130,614,3.4
2467,130,937,1.1
2468,131,405,1.2
2471,131,356,4.4
2475,131,268,4.5
2477,131,349,1.5
2478,131,997,3.0
2479,131,442,2.1
2480,131,948,3.2
2481,131,367,1.7
2482,131,335,3.4
2485,131,292,4.4
2486,132,546,1.1
2487,132,902,3.0
2488,132,990,4.6
2490,132,497,1.4
2491,132,320,2.6
2492,132,702,3.2
2494,132,30,3.7
2496,132,616,3.3
2498,132,434,4.6
2499,132,856,3.2
2500,132,500,4.7
2501,132,261,4.7
2502,132,965,1.5
2503,132,413,2.9
2506,133,106,2.3
2507,133,969,1.7
2508,133,146,1.7
2509,133,298,4.5
2510,133,649,3.7
2511,133,925,4.0
2512,133,71,4.7
2513,133,874,4.0
2515,133,274,2.4
2516,134,211,4.4
2517,134,350,4.2
2518,134,846,1.0
2519,134,335,2.2
2520,134,673,1.3
2521,134,649,3.7
2523,134,569,3.4
2525,134,652,4.0
2529,135,836,2.0
2530,135,181,1.1
2532,135,935,3.7
2534,135,780,2.2
2535,135,535,4.9
2538,135,524,2.6
2540,135,796,1.3
2541,135,293,4.0
2543,135,533,1.6
2544,135,117,1.3
2545,135,678,4.6
2547,135,410,4.8
2548,135,282,3.8
2549,135,841,4.2
2552,135,847,3.4
2553,135,228,3.6
2555,135,932,2.6
2558,136,186,4.5
2562,136,653,1.2
2563,136,574,3.1
2565,136,639,2.8
2566,136,796,4.5
2567,136,352,1.7
2570,136,706,1.6
2571,136,936,1.5
2572,136,940,1.8
2573,136,927,1.6
2574,136,860,1.1
2578,136,269,3.6
2583,137,754,2.9
2584,137,106,2.5
2585,137,344,2.0
2586,137,49,2.0
2587,137,586,1.5
2588,137,931,2.3
2591,137,668,1.5
2594,137,876,2.1
2596,137,788,4.1
2599,137,15,1.5
2600,137,304,3.4
2601,137,29,4.8
2602,137,416,3.9
2603,137,796,2.3
2604,137,702,1.7
2605,137,369,3.8
2606,137,549,2.6
2609,138,101,4.5
2611,138,492,2.0
2612,138,58,1.9
2613,138,554,2.8
2614,138,304,4.2
2617,138,796,3.4
2618,138,672,2.1
2620,138,673,3.7
2623,138,22,2.4
2624,138,961,2.7
2625,138,525,2.8
2626,138,598,1.9
2627,138,538,4.1
2629,138,311,4.5
2631,138,362,2.0
2633,138,722,1.5
2634,138,443,4.2
2636,138,514,3.2
2639,139,538,4.1
2640,139,180,2.0
2644,139,338,2.2
2645,139,269,2.7
2646,139,777,4.2
2647,139,85,2.3
2649,139,763,2.8
2651,139,292,2.1
2654,139,142,1.7
2655,140,763,3.6
2656,140,29,4.8
2657,140,546,4.0
2658,140,544,1.1
2660,140,261,3.3
2661,140,79,2.4
2664,140,297,1.9
2665,140,804,1.2
2666,140,642,3.9
2667,140,189,4.5
2668,140,549,3.9
2671,140,947,3.7
2672,140,208,3.9
2673,140,334,1.7
2677,140,970,4.2
2678,140,66,4.2
2680,140,919,3.0
2681,140,840,5.0
2682,140,337,4.8
2683,141,30,1.1
2684,141,775,2.7
2688,141,167,2.0
2689,141,722,2.0
2691,141,542,1.3
2692,141,489,4.1
2693,141,507,1.4
2695,142,819,3.8
2696,142,691,1.6
2697,142,114,1.4
2701,142,737,2.7
2703,142,133,1.8
2705,142,336,1.8
2706,142,301,2.6
2709,142,449,3.5
2711,142,787,3.8
2712,142,540,2.0
2714,142,172,1.9
2720,142,350,3.4
2723,142,73,1.3
2724,143,471,2.1
2725,143,939,1.3
2727,143,381,3.2
2728,143,643,3.8
2729,143,706,2.0
2731,143,125,2.7
2732,143,917,2.1
2733,143,332,4.4
2735,143,426,2.8
2736,143,96,3.5
2737,143,244,1.5
2738,143,16,2.8
2739,143,377,2.8
2741,143,73,2.1
2743,144,228,1.2
2745,144,802,1.4
2746,144,379,3.5
2747,144,824,2.5
2751,144,241,2.7
2752,144,449,1.1
2753,144,275,3.4
2754,144,678,1.8
2755,144,287,5.0
2758,144,686,1.7
2759,144,220,2.1
2766,144,991,1.2
2767,144,422,1.2
2768,144,359,3.2
2769,144,284,2.8
2774,145,427,3.6
2775,145,111,3.3
2777,145,582,3.5
2779,145,344,1.8
2780,145,192,2.8
2781,145,589,2.2
2785,145,820,1.7
2787,145,356,1.3
2790,145,65,3.9
2792,145,619,4.6
2793,146,357,4.3
2796,146,639,2.5
2799,146,436,3.3
2800,146,628,1.1
2802,146,417,3.8
2804,146,372,2.0
2805,146,434,3.3
2806,146,261,1.3
2807,146,389,3.4
2809,147,448,3.6
2810,147,647,4.9
2811,147,990,3.0
2812,147,732,1.9
2814,147,513,4.4
2815,147,390,1.6
2816,147,319,1.4
2820,147,668,4.3
2821,147,274,1.1
2822,147,780,4.6
2823,147,420,3.4
2824,148,990,2.5
2825,148,991,4.9
2826,148,46,3.6
2828,148,412,2.7
2830,148,44,3.7
2831,148,603,1.9
2833,148,533,1.7
2835,148,201,4.4
2836,148,780,4.4
2837,148,486,3.7
2839,149,186,1.6
2840,149,649,4.9
2845,149,66,2.5
2848,149,427,3.6
2853,149,827,1.2
2854,149,937,4.1
2856,150,690,3.7
2859,150,462,4.8
2860,150,434,3.9
2862,150,287,3.4
2864,150,674,2.9
2867,150,22,1.5
2868,150,961,3.1
2869,150,927,2.4
2873,150,516,2.9
2874,150,766,1.2
2877,150,65,3.6
2878,151,689,4.1
2879,151,939,2.5
2882,151,145,2.9
2885,151,81,1.1
2886,151,649,2.9
2889,151,555,1.1
2890,151,289,3.7
2891,151,228,4.3
2893,151,583,2.0
2894,151,931,4.3
2895,151,212,2.5
2896,151,884,1.7
2897,151,609,3.1
2901,152,524,4.7
2902,152,190,4.2
2903,152,94,2.2
2904,152,133,1.1
2906,152,211,2.7
2910,152,341,4.0
2911,152,764,4.8
2912,152,542,4.9
2913,152,436,4.3
2914,152,299,2.6
2916,152,171,3.7
2918,153,248,2.3
2922,153,753,2.6
2923,153,467,1.2
2933,153,329,3.2
2934,153,727,1.7
2935,153,569,4.6
2938,153,205,4.2
2939,153,274,2.6
2940,153,56,4.2
2941,153,454,3.7
2942,153,681,2.5
2943,153,917,3.7
2944,153,401,4.6
2945,153,288,4.8
2947,153,797,3.0
2948,154,878,4.7
2951,154,766,1.2
2959,154,622,2.0
2962,154,403,4.2
2963,154,861,2.3
2965,154,101,4.7
2968,154,270,4.9
2969,154,642,1.7
2970,154,486,3.6
2971,154,244,3.2
2972,155,536,2.8
2973,155,872,1.8
2974,155,273,3.4
2975,155,691,4.0
2976,155,914,2.8
2978,155,935,1.4
2980,155,49,4.3
2981,155,836,3.0
2982,155,137,2.3
2985,156,425,1.1
2986,156,773,2.5
2987,156,97,4.2
2990,156,419,4.2
2993,156,234,2.1
2998,157,774,1.3
3000,157,965,2.4
3002,157,294,4.1
3004,157,538,1.1
3005,157,145,2.1
3006,157,958,4.4
3008,157,312,1.0
3009,157,224,3.1
3011,157,121,4.1
3013,157,403,2.8
3014,157,644,3.4
3015,157,426,1.7
3016,157,925,3.9
3020,157,525,2.0
3022,158,306,2.5
3025,158,514,4.7
3027,158,261,1.9
3028,158,563,2.0
3029,158,706,4.4
3031,158,639,1.5
3032,158,38,4.6
3033,158,363,4.2
3034,158,694,4.3
3037,159,924,4.9
3038,159,468,3.8
3039,159,681,5.0
3040,159,748,4.3
3042,159,268,4.1
3044,159,449,4.2
3045,159,262,4.6
3046,159,644,4.1
3047,159,271,4.1
3048,159,998,4.7
3049,159,980,2.8
3050,159,519,3.8
3051,159,278,3.2
3052,159,871,4.7
3053,159,26,1.6
3056,159,989,3.0
3058,160,775,3.3
3059,160,274,3.5
3061,160,812,1.1
3064,160,884,1.3
3066,160,777,2.5
3067,160,174,1.1
3070,160,778,4.2
3071,160,172,2.0
3072,160,450,2.1
3074,160,449,3.8
3075,160,711,4.8
3076,160,907,3.8
3077,160,465,3.1
3078,160,497,1.6
3081,160,378,3.9
3083,161,883,4.2
3084,161,339,1.4
3085,161,633,2.9
3086,161,535,3.6
3087,161,702,2.2
3089,161,239,3.5
3090,161,734,4.4
3091,161,638,1.8
3092,161,515,5.0
3093,161,498,4.4
3095,161,83,4.9
3097,162,312,1.4
3098,162,356,3.1
3099,162,928,2.7
3102,162,56,3.6
3103,162,263,1.8
3104,162,969,3.4
3105,162,479,3.9
3107,162,757,3.9
3108,162,914,4.8
3112,162,224,4.1
3115,162,770,1.4
3124,163,820,1.4
3125,163,135,2.0
3126,163,758,3.7
3127,163,538,4.1
3129,163,106,3.6
3130,163,828,4.2
3131,163,895,1.4
3132,163,445,4.1
3133,163,399,3.3
3134,163,787,4.3
3136,163,927,3.9
3137,163,455,4.9
3138,163,377,2.0
3141,164,399,1.5
3145,164,787,2.2
3148,164,96,2.6
3149,164,29,1.8
3151,164,847,4.4
3154,164,421,4.3
3155,164,441,3.0
3156,164,301,4.5
3157,164,972,2.8
3158,164,353,2.0
3159,164,241,4.5
3162,164,412,2.9
3165,164,564,2.0
3166,165,653,4.1
3167,165,919,4.4
3170,165,882,1.3
3171,165,748,1.8
3176,165,543,4.7
3178,165,385,1.1
3180,166,50,1.1
3181,166,668,3.0
3183,166,471,2.5
3184,166,567,2.3
3186,166,591,1.4
3187,166,187,1.4
3188,166,552,1.9
3189,166,135,3.8
3196,167,853,2.9
3197,167,519,3.7
3199,167,576,3.6
3200,167,287,2.6
3201,167,245,4.9
3202,167,728,3.0
3203,167,443,4.4
3204,167,137,2.2
3206,167,937,1.0
3207,167,284,4.6
3208,167,847,4.0
3209,167,540,4.5
3210,168,240,2.1
3212,168,633,1.8
3213,168,923,5.0
3214,168,212,4.1
3215,168,996,1.1
3216,168,15,4.3
3217,168,369,3.6
3218,168,233,2.7
3220,168,503,2.6
3221,168,70,2.2
3222,168,737,2.6
3223,168,83,1.0
3224,168,614,2.9
3225,168,52,2.3
3226,168,552,3.4
3227,168,339,2.3
3232,169,729,4.1
3233,169,415,1.9
3234,169,501,2.8
3235,169,239,1.8
3236,169,647,2.0
3237,169,329,4.6
3238,169,275,3.4
3243,169,861,3.4
3244,169,230,4.2
3245,169,400,3.0
3246,169,653,2.4
3247,169,544,2.3
3248,169,270,2.6
3251,169,681,4.1
3252,169,288,4.5
3253,169,733,2.7
3254,169,674,1.7
3255,169,752,4.0
3256,169,372,1.1
3258,170,137,3.9
3260,170,685,1.0
3261,170,320,2.2
3264,170,919,4.0
3266,170,289,1.2
3269,170,929,4.1
3271,170,466,1.1
3272,170,792,1.8
3273,170,713,2.1
3274,170,412,2.8
3275,170,637,1.5
3278,171,959,3.4
3279,171,180,3.0
3281,171,993,3.4
3285,171,763,4.0
3286,171,69,4.6
3289,172,68,1.4
3291,172,927,3.6
3293,172,753,3.9
3294,172,382,3.8
3295,172,720,1.7
3296,172,593,4.5
3297,172,9,2.8
3298,172,985,3.0
3299,172,432,3.6
3300,172,929,3.1
3301,172,285,1.1
3304,172,362,1.8
3306,172,336,3.2
3307,172,101,4.2
3308,172,415,4.1
3312,173,607,2.9
3315,173,882,2.2
3318,173,387,4.7
3319,173,115,3.3
3320,173,46,3.1
3321,174,2,3.9
3322,174,437,4.5
3323,174,463,4.1
3326,174,393,1.5
3328,174,780,3.2
3330,174,787,2.2
3332,174,362,3.8
3333,174,678,1.2
3335,174,534,4.7
3336,174,639,1.4
3337,174,682,3.3
3339,175,550,3.5
3346,175,914,4.5
3348,175,226,4.6
3349,175,533,4.1
3350,175,466,4.1
3351,175,445,1.6
3352,175,450,4.4
3353,175,908,4.2
3355,175,319,4.5
3356,175,59,3.4
3359,176,1,4.7
3360,176,959,2.5
3361,176,300,3.9
3367,176,484,5.0
3370,176,375,2.9
3372,176,245,1.2
3375,176,137,2.8
3376,176,205,1.3
3377,176,400,2.3
3378,176,678,4.0
3379,176,650,2.1
3381,176,827,1.5
3382,176,148,2.4
3383,176,619,1.2
3385,176,919,3.2
3386,176,536,4.5
3387,176,425,2.9
3388,176,399,3.9
3389,177,132,1.5
3390,177,874,4.2
3393,177,484,2.9
3394,177,653,1.6
3395,177,339,1.3
3396,177,116,2.0
3397,177,844,2.5
3398,177,68,3.7
3399,177,361,2.9
3400,177,840,1.4
3401,177,137,2.9
3403,177,148,4.6
3404,177,353,3.3
3405,177,657,1.9
3407,178,710,1.9
3408,178,967,5.0
3409,178,339,4.6
3411,178,508,3.0
3412,178,925,1.4
3414,178,16,4.0
3417,178,816,2.1
3418,178,754,2.9
3419,178,991,2.8
3420,178,570,2.0
3422,179,778,1.5
3423,179,278,3.2
3424,179,822,3.9
3425,179,109,4.1
3426,179,523,2.5
3427,179,963,3.8
3428,179,728,1.2
3429,179,184,1.1
3433,179,536,1.1
3434,179,225,2.8
3436,179,961,1.8
3437,179,838,3.5
3438,179,53,3.0
3439,179,901,1.8
3441,179,762,4.9
3442,179,868,3.2
3443,179,993,2.0
3444,179,724,2.2
3447,179,343,1.4
3449,179,492,4.0
3450,179,341,1.6
3451,180,312,3.0
3453,180,631,3.4
3454,180,97,1.2
3455,180,974,4.4
3456,180,674,1.8
3458,180,915,2.8
3459,180,405,1.2
3460,180,687,4.3
3461,180,39,2.8
3462,180,241,3.1
3464,181,97,4.6
3466,181,998,3.0
3467,181,76,2.2
3468,181,672,1.6
3469,181,682,4.3
3470,181,824,2.7
3473,181,939,4.3
3474,181,297,1.8
3475,181,63,2.2
3477,181,445,2.3
3478,181,262,3.5
3479,181,401,4.3
3481,181,862,2.0
3482,181,178,4.1
3483,181,540,2.5
3484,181,16,2.0
3485,181,917,1.6
3486,181,673,3.9
3487,181,334,4.6
3488,181,245,1.4
3489,181,64,4.5
3490,182,263,3.4
3491,182,76,4.5
3492,182,948,3.0
3494,182,832,1.3
3495,182,357,1.3
3496,182,773,1.6
3498,182,24,4.1
3500,182,865,4.6
3503,183,711,2.6
3504,183,175,1.9
3509,183,799,2.0
3512,183,608,3.3
3513,183,18,3.3
3516,183,870,3.5
3519,183,479,2.0
3520,184,52,4.3
3521,184,72,1.5
3522,184,565,4.3
3524,184,796,3.1
3526,184,972,4.1
3527,184,720,3.1
3529,184,267,3.6
3530,184,185,4.5
3533,184,80,1.0
3534,184,51,4.9
3535,184,838,4.7
3536,184,287,4.4
3537,185,263,3.9
3539,185,569,4.5
3540,185,123,4.4
3541,185,9,2.0
3543,185,664,1.8
3544,185,135,2.7
3547,186,917,1.7
3548,186,728,2.2
3549,186,299,4.7
3550,186,896,4.2
3551,186,819,2.6
3552,186,17,2.3
3553,186,467,1.2
3555,186,865,1.2
3556,186,824,4.1
3558,187,73,2.1
3560,187,365,2.2
3562,187,261,1.4
3567,187,699,1.4
3568,187,148,1.1
3569,187,109,3.7
3570,187,346,3.9
3571,187,926,4.4
3574,187,52,1.5
3577,188,68,2.7
3578,188,381,4.2
3579,188,631,1.6
3580,188,997,3.1
3582,188,828,3.4
3583,188,284,1.1
3585,188,923,2.3
3586,188,96,4.8
3588,188,818,1.3
3589,188,239,4.9
3590,188,921,2.9
3591,188,478,4.3
3597,188,48,1.2
3598,188,924,4.3
3605,189,489,4.5
3606,189,240,2.0
3608,189,48,1.2
3609,189,201,2.7
3611,189,785,2.5
3612,189,883,1.1
3614,189,421,3.2
3615,189,698,1.1
3617,189,379,1.8
3618,189,812,1.6
3620,189,564,1.3
3621,189,623,4.1
3623,190,901,4.4
3625,190,799,3.4
3626,190,39,3.2
3628,190,271,2.7
3629,190,86,1.9
3630,190,503,4.5
3631,190,515,2.1
3632,190,434,1.9
3633,190,299,2.8
3634,190,603,4.9
3636,191,883,3.5
3640,191,720,2.2
3644,191,24,3.6
3645,191,901,2.0
3646,191,415,3.2
3647,191,190,5.0
3652,191,275,2.0
3654,191,46,4.3
3655,191,567,2.6
3656,191,71,1.8
3661,191,641,1.2
3662,191,60,2.9
3663,191,926,1.9
3665,192,987,4.0
3666,192,675,3.3
3667,192,859,1.1
3669,192,258,1.1
3673,192,980,4.3
3674,192,103,3.6
3675,192,293,2.0
3677,192,513,2.9
3678,192,878,3.2
3681,192,98,4.3
3682,192,67,1.6
3683,192,486,4.8
3685,192,782,2.7
3686,192,959,4.9
3687,192,748,4.6
3688,192,999,3.3
3689,192,907,3.8
3690,192,17,3.9
3691,192,146,3.5
3693,192,956,4.6
3695,193,707,1.1
3700,193,493,4.1
3701,193,681,3.3
3702,193,38,3.5
3705,193,130,3.7
3707,193,786,4.9
3710,193,377,2.9
3713,193,839,1.7
3717,193,542,1.5
3718,193,592,4.8
3721,193,513,4.4
3724,194,124,4.2
3725,194,101,3.6
3726,194,16,4.5
3727,194,181,3.9
3728,194,133,2.3
3729,194,294,1.7
3730,194,91,3.0
3733,194,844,2.5
3735,194,552,1.9
3741,194,785,3.7
3744,194,550,3.9
3745,194,39,3.7
3746,194,516,3.2
3747,194,353,3.4
3750,195,838,1.8
3751,195,796,2.1
3753,195,181,3.2
3755,195,701,4.4
3756,195,822,3.3
3757,195,77,2.3
3758,195,859,3.3
3760,195,287,2.3
3763,195,312,3.2
3765,195,724,4.1
3766,195,643,2.6
3767,195,792,2.1
3768,195,415,2.2
3769,195,410,4.3
3771,195,514,4.9
3772,195,462,3.9
3774,195,907,3.5
3776,195,816,2.0
3782,196,362,2.0
3784,196,675,3.8
3785,196,185,2.4
3787,196,770,1.3
3789,196,839,4.1
3792,196,378,1.5
3793,196,142,1.9
3796,196,503,1.2
3797,197,644,4.5
3798,197,191,2.1
3800,197,706,2.9
3801,197,500,3.6
3803,197,434,1.8
3804,197,935,1.8
3805,197,862,4.1
3806,197,288,4.8
3807,198,230,2.7
3809,198,119,4.3
3810,198,782,4.4
3811,198,234,4.7
3813,198,408,3.4
3815,198,381,3.6
3816,198,292,4.1
3819,198,143,4.2
3821,198,574,1.5
3827,198,540,4.6
3828,198,240,4.3
3829,198,468,2.5
3830,198,967,2.6
3833,198,188,4.4
3835,199,464,4.1
3837,199,1,2.8
3838,199,598,1.0
3842,199,212,3.4
3843,199,589,3.3
3844,199,887,3.3
3845,199,793,4.7
3846,199,426,3.0
3848,199,240,4.4
3851,199,95,1.2
3853,199,867,2.4
3855,200,969,3.4
3856,200,360,2.7
3859,200,390,3.3
3860,200,908,4.5
3862,200,977,1.1
3864,200,892,3.2
3865,200,939,4.4
3866,200,18,3.8
3872,200,899,2.3
3877,200,353,3.8
3879,200,804,2.1
